CCMFUT;17/09/2026;76,20;76,39;75,93;76,11;67840267,50;1981
CCMFUT;16/09/2026;75,88;76,29;75,78;76,25;162397012,50;4749
CCMFUT;15/09/2026;76,59;76,60;75,53;75,91;258758163,00;7570
CCMFUT;14/09/2026;76,24;76,90;75,75;76,39;225719743,50;6556
CCMFUT;11/09/2026;76,79;77,07;75,80;76,17;437111667,00;12741
CCMFUT;10/09/2026;76,49;77,26;76,30;76,87;187508583,00;5442
CCMFUT;09/09/2026;76,74;76,87;76,35;76,50;180971500,50;5252
CCMFUT;08/09/2026;77,81;77,87;76,50;76,91;301737487,50;8714
CCMFUT;04/09/2026;78,18;78,28;77,71;77,88;155640159,00;4438
CCMFUT;03/09/2026;78,61;78,73;77,70;78,00;253347142,50;7218
CCMFUT;02/09/2026;78,57;78,98;78,26;78,64;134833567,50;3811
CCMFUT;01/09/2026;77,30;78,60;77,30;78,55;327405627,00;9299
CCMFUT;31/08/2026;77,86;78,16;77,35;77,57;181407442,50;5187
CCMFUT;28/08/2026;77,50;78,30;77,05;77,90;292589010,00;8339
CCMFUT;27/08/2026;78,32;78,35;77,15;77,57;276939198,00;7915
CCMFUT;26/08/2026;77,75;78,58;77,62;78,26;278847360,00;7927
CCMFUT;25/08/2026;78,13;78,31;77,53;77,80;391584646,30;11192
CCMFUT;24/08/2026;77,47;78,56;77,45;78,05;313840766,00;8927
CCMFUT;21/08/2026;77,46;77,62;76,57;77,42;426698552,50;12284
CCMFUT;20/08/2026;77,06;78,04;76,88;77,51;222693015,20;6376
CCMFUT;19/08/2026;77,77;77,98;76,89;77,09;290942760,10;8352
CCMFUT;18/08/2026;76,69;78,05;76,61;77,64;332409053,70;9554
CCMFUT;17/08/2026;76,25;76,77;75,92;76,63;161199482,10;4687
CCMFUT;14/08/2026;75,20;76,33;75,17;76,23;224507925,80;6575
CCMFUT;13/08/2026;76,38;76,44;75,29;75,31;278789340,30;8165
CCMFUT;12/08/2026;75,79;76,54;75,79;76,38;375352261,00;10956
CCMFUT;11/08/2026;75,90;76,29;75,53;75,79;189527160,30;5551
CCMFUT;10/08/2026;74,79;76,01;74,64;75,87;284294275,60;8370
CCMFUT;07/08/2026;74,24;74,88;74,24;74,73;221267646,50;6583
CCMFUT;06/08/2026;74,23;74,36;73,65;74,29;316431095,60;9513
CCMFUT;05/08/2026;74,50;74,60;73,99;74,16;190236492,70;5698
CCMFUT;04/08/2026;74,63;74,81;74,16;74,54;245455266,40;7333
CCMFUT;03/08/2026;75,12;75,31;74,28;74,63;262033622,80;7788
CCMFUT;31/07/2026;75,65;75,65;75,03;75,14;198144951,20;5846
CCMFUT;30/07/2026;76,00;76,27;75,47;75,68;179035667,40;5238
CCMFUT;29/07/2026;76,44;76,44;75,47;76,00;332227754,10;9727
CCMFUT;28/07/2026;75,14;76,52;74,96;76,45;343876722,10;10087
CCMFUT;27/07/2026;76,56;76,59;74,81;75,09;331973620,10;9786
CCMFUT;24/07/2026;76,81;76,95;76,17;76,64;300393290,60;8722
CCMFUT;23/07/2026;76,04;76,94;75,98;76,86;204844917,20;5937
CCMFUT;22/07/2026;75,18;76,23;75,04;76,13;250601247,70;7350
CCMFUT;21/07/2026;75,56;75,69;74,71;75,05;296896331,60;8773
CCMFUT;20/07/2026;74,78;75,63;74,71;75,44;225744983,30;6658
CCMFUT;17/07/2026;74,30;74,87;74,05;74,79;123350442,30;3679
CCMFUT;16/07/2026;74,04;74,37;73,78;74,30;133076059,00;3992
CCMFUT;15/07/2026;73,22;74,16;73,15;74,02;232899297,60;7017
CCMFUT;14/07/2026;73,80;73,96;73,19;73,21;197839262,30;5991
CCMFUT;13/07/2026;73,04;73,84;73,02;73,73;74025300,36;2235
CCMFUT;10/07/2026;73,25;73,96;72,99;73,02;158685500,20;4797
CCMFUT;09/07/2026;73,86;74,04;73,21;73,24;117208373,90;3539
CCMFUT;08/07/2026;74,13;74,67;73,70;73,88;180883120,40;5419
CCMFUT;07/07/2026;74,16;74,49;73,63;74,05;202503420,10;6074
CCMFUT;06/07/2026;72,74;74,27;72,74;74,22;227071273,50;6843
CCMFUT;03/07/2026;73,65;73,95;72,75;72,75;237849335,30;7227
CCMFUT;02/07/2026;74,22;74,71;73,74;73,83;248135053,40;7412
CCMFUT;01/07/2026;74,05;74,51;73,80;74,23;137717671,60;4125
CCMFUT;30/06/2026;73,36;74,15;73,10;74,05;156075571,90;4701
CCMFUT;29/06/2026;73,72;73,85;73,40;73,43;101766501,20;3072
CCMFUT;26/06/2026;73,74;73,98;73,29;73,79;173091345,60;5222
CCMFUT;25/06/2026;73,34;73,84;73,05;73,84;145530589,20;4401
CCMFUT;24/06/2026;73,07;73,40;72,91;73,28;171806950,20;5218
CCMFUT;23/06/2026;72,37;73,16;72,37;72,97;232792230,00;7107
CCMFUT;22/06/2026;72,53;72,86;72,29;72,37;138343556,60;4240
CCMFUT;19/06/2026;72,76;72,86;72,27;72,53;165627853,70;5067
CCMFUT;18/06/2026;73,10;73,41;72,67;72,78;206806938,20;6304
CCMFUT;17/06/2026;72,69;73,20;72,54;73,05;179125041,80;5460
CCMFUT;16/06/2026;72,59;73,11;72,11;72,75;143287550,10;4379
CCMFUT;15/06/2026;72,60;73,25;72,23;72,70;173056633,70;5291
CCMFUT;12/06/2026;72,07;72,85;72,05;72,57;158096281,70;4845
CCMFUT;11/06/2026;72,59;73,17;72,05;72,16;337380571,40;10348
CCMFUT;10/06/2026;73,29;73,73;72,45;72,53;187641848,60;5705
CCMFUT;09/06/2026;73,23;73,42;72,70;73,25;291603630,70;8870
CCMFUT;08/06/2026;74,74;74,81;73,03;73,24;380744128,40;11471
CCMFUT;05/06/2026;73,95;75,05;73,19;74,71;392148754,40;11717
CCMFUT;03/06/2026;72,75;74,05;72,03;74,05;505980121,80;15422
CCMFUT;02/06/2026;73,46;73,66;72,63;72,71;383967745,60;11678
CCMFUT;01/06/2026;73,90;74,18;73,51;73,57;341180409,70;10272
CCMFUT;29/05/2026;74,61;74,68;73,95;73,95;266679207,90;7991
CCMFUT;28/05/2026;74,16;74,71;73,99;74,64;174986801,20;5229
CCMFUT;27/05/2026;74,72;74,81;73,92;74,16;283576675,70;8489
CCMFUT;26/05/2026;75,25;75,44;74,40;74,87;372785537,00;11081
CCMFUT;25/05/2026;75,80;76,15;75,35;75,47;139217018,20;4090
CCMFUT;22/05/2026;76,04;76,14;75,61;75,94;137609348,30;4029
CCMFUT;21/05/2026;75,81;76,24;75,68;76,01;180197760,00;5276
CCMFUT;20/05/2026;75,86;76,01;75,47;75,82;144786549,80;4244
CCMFUT;19/05/2026;75,79;75,90;75,47;75,79;81640168,37;2399
CCMFUT;18/05/2026;75,52;76,16;75,24;75,86;204747221,50;5995
CCMFUT;15/05/2026;75,76;76,23;75,57;75,61;134716354,50;3945
CCMFUT;14/05/2026;76,12;76,17;75,49;75,79;223672259,40;6555
CCMFUT;13/05/2026;76,66;76,83;75,68;76,12;266430619,80;7790
CCMFUT;12/05/2026;76,27;76,78;75,94;76,66;204067035,60;5930
CCMFUT;11/05/2026;75,69;76,59;75,53;76,18;179608561,00;5248
CCMFUT;08/05/2026;75,47;76,20;75,10;75,70;280868069,50;8251
CCMFUT;07/05/2026;75,36;75,58;74,73;75,45;361811209,00;10687
CCMFUT;06/05/2026;76,26;76,53;73,84;75,30;388966186,60;11462
CCMFUT;05/05/2026;77,09;77,19;76,12;76,28;344292586,20;10002
CCMFUT;04/05/2026;77,80;78,18;77,15;77,31;225988865,90;6452
CCMFUT;30/04/2026;78,10;78,18;77,34;77,75;215543338,00;6162
CCMFUT;29/04/2026;78,07;78,44;77,81;78,23;253635078,00;7209
CCMFUT;28/04/2026;78,09;78,31;77,20;78,11;315003523,10;8987
CCMFUT;27/04/2026;77,41;78,69;77,31;78,20;321175969,30;9139
CCMFUT;24/04/2026;77,31;78,10;76,82;77,53;250653178,80;7178
CCMFUT;23/04/2026;77,37;77,68;76,55;77,31;299942934,50;8645
CCMFUT;22/04/2026;75,80;77,64;74,76;77,52;427859604,30;12375
CCMFUT;20/04/2026;73,79;75,91;73,67;75,87;317067145,60;9388
CCMFUT;17/04/2026;74,00;74,13;72,91;73,79;203845375,40;6166
CCMFUT;16/04/2026;74,41;74,70;73,91;74,01;278390971,20;8334
CCMFUT;15/04/2026;75,62;75,70;74,22;74,40;273763580,40;8115
CCMFUT;14/04/2026;75,96;76,25;75,54;75,59;118125355,80;3460
CCMFUT;13/04/2026;76,60;77,00;75,65;75,96;136529647,80;3987
CCMFUT;10/04/2026;76,89;77,23;76,26;76,68;153461653,70;4454
CCMFUT;09/04/2026;77,56;78,03;76,71;77,08;202063911,60;5815
CCMFUT;08/04/2026;78,63;78,76;77,39;77,64;244252857,00;6985
CCMFUT;07/04/2026;79,76;80,06;78,55;78,68;203372880,50;5709
CCMFUT;06/04/2026;80,61;80,64;79,52;79,75;146316795,00;4073
CCMFUT;02/04/2026;80,15;80,87;80,02;80,55;218225793,30;6027
CCMFUT;01/04/2026;81,91;81,91;80,08;80,10;340258754,40;9356
CCMFUT;31/03/2026;82,79;83,10;81,57;81,88;315178570,80;8507
CCMFUT;30/03/2026;80,87;82,89;80,87;82,77;301375120,60;8150
CCMFUT;27/03/2026;80,94;81,84;80,76;81,06;199601270,20;5459
CCMFUT;26/03/2026;81,03;81,31;80,69;80,92;74484825,67;2047
CCMFUT;25/03/2026;80,91;80,98;80,53;80,92;170240961,00;4685
CCMFUT;24/03/2026;81,00;81,54;80,48;80,76;143552031,30;3931
CCMFUT;23/03/2026;80,76;81,04;80,30;80,88;134344646,80;3698
CCMFUT;20/03/2026;80,90;81,53;80,75;80,85;175588273,80;4814
CCMFUT;19/03/2026;81,45;82,24;80,43;80,88;312115162,10;8534
CCMFUT;18/03/2026;80,97;81,54;80,02;81,43;414540563,10;11390
CCMFUT;17/03/2026;81,35;82,76;80,75;81,01;503216031,40;13718
CCMFUT;16/03/2026;84,40;84,55;81,19;81,28;579844773,60;15497
CCMFUT;13/03/2026;84,59;84,99;83,72;84,56;304917796,60;8030
CCMFUT;12/03/2026;85,25;85,85;84,13;84,46;391559547,30;10219
CCMFUT;11/03/2026;84,55;85,29;84,17;85,16;399073954,70;10460
CCMFUT;10/03/2026;84,99;85,19;83,23;84,50;452047857,20;11944
CCMFUT;09/03/2026;84,02;85,68;83,96;85,25;363346213,90;9528
CCMFUT;06/03/2026;82,35;84,23;82,04;84,04;420652349,60;11200
CCMFUT;05/03/2026;81,79;82,76;81,79;82,25;137313796,30;3703
CCMFUT;04/03/2026;82,82;82,99;81,68;81,92;243481242,30;6578
CCMFUT;03/03/2026;82,02;82,99;81,86;82,88;173703933,20;4670
CCMFUT;02/03/2026;82,48;83,26;81,63;82,13;286909289,70;7720
CCMFUT;27/02/2026;81,66;82,64;81,34;82,64;421715764,50;11433
CCMFUT;26/02/2026;80,59;81,73;80,50;81,68;185188590,70;5062
CCMFUT;25/02/2026;80,81;81,19;80,46;80,63;206624829,00;5681
CCMFUT;24/02/2026;81,49;81,85;80,82;80,82;214835418,40;5864
CCMFUT;23/02/2026;82,35;82,35;81,22;81,53;322010118,10;8764
CCMFUT;20/02/2026;81,49;82,35;81,49;82,30;258582500,70;7003
CCMFUT;19/02/2026;81,15;81,57;80,74;81,49;148221134,30;4056
CCMFUT;18/02/2026;81,15;81,62;81,02;81,10;106343308,60;2905
CCMFUT;13/02/2026;80,90;81,39;80,82;81,29;170238411,20;4655
CCMFUT;12/02/2026;79,97;81,01;79,93;80,87;200884246,60;5533
CCMFUT;11/02/2026;79,90;80,45;79,57;79,98;239328700,20;6645
CCMFUT;10/02/2026;78,69;79,96;78,53;79,90;199717894,70;5582
CCMFUT;09/02/2026;78,77;79,22;78,15;78,70;175823501,20;4954
CCMFUT;06/02/2026;80,13;80,25;78,65;78,85;312668078,80;8779
CCMFUT;05/02/2026;79,71;80,47;79,49;80,13;126740493,10;3517
CCMFUT;04/02/2026;80,25;80,52;78,70;79,78;291780194,20;8126
CCMFUT;03/02/2026;79,26;80,33;79,25;80,25;272688753,20;7601
CCMFUT;02/02/2026;79,06;79,74;78,70;79,21;141731819,40;3978
CCMFUT;30/01/2026;78,22;80,35;77,98;79,06;330225409,10;9260
CCMFUT;29/01/2026;77,51;78,30;77,18;78,29;205319574,10;5866
CCMFUT;28/01/2026;78,71;78,85;77,50;77,69;220345478,30;6294
CCMFUT;27/01/2026;78,79;79,45;77,97;78,79;271084128,80;7658
CCMFUT;26/01/2026;78,65;79,64;78,65;78,86;131752291,40;3711
CCMFUT;23/01/2026;78,93;79,30;78,30;78,69;166750368,70;4715
CCMFUT;22/01/2026;79,67;79,75;78,68;79,16;240734931,40;6763
CCMFUT;21/01/2026;81,10;81,10;79,50;79,73;273154047,10;7571
CCMFUT;20/01/2026;81,32;81,39;80,91;81,03;222403200,20;6095
CCMFUT;19/01/2026;81,47;81,70;81,16;81,27;91355140,68;2497
CCMFUT;16/01/2026;81,63;81,85;81,25;81,39;103646950,90;2825
CCMFUT;15/01/2026;81,97;82,05;81,24;81,46;167048503,70;4556
CCMFUT;14/01/2026;82,08;82,48;81,73;82,04;219427796,80;5942
CCMFUT;13/01/2026;82,67;82,67;81,42;82,06;203290087,60;5515
CCMFUT;12/01/2026;83,38;83,68;82,44;82,53;224135606,30;5997
CCMFUT;09/01/2026;83,00;83,70;82,88;83,32;122732311,70;3276
CCMFUT;08/01/2026;83,70;83,70;82,88;83,07;181368972,30;4850
CCMFUT;07/01/2026;84,48;84,48;83,28;83,53;237021973,50;6299
CCMFUT;06/01/2026;84,54;85,05;84,37;84,48;82064111,85;2156
CCMFUT;05/01/2026;85,21;85,28;84,51;84,63;140286276,80;3674
CCMFUT;02/01/2026;85,44;85,47;84,94;85,06;84299415,96;2200
CCMFUT;30/12/2025;85,28;85,98;85,28;85,41;122092021,60;3173
CCMFUT;29/12/2025;85,42;85,70;85,08;85,41;77409042,27;2014
CCMFUT;26/12/2025;86,03;86,42;85,13;85,23;150110221,00;3902
CCMFUT;23/12/2025;86,38;86,83;85,97;86,13;119330518,30;3071
CCMFUT;22/12/2025;86,31;86,58;86,03;86,34;93154152,77;2398
CCMFUT;19/12/2025;86,58;86,58;86,02;86,28;136490668,00;3514
CCMFUT;18/12/2025;87,49;87,49;86,40;86,54;157676579,20;4045
CCMFUT;17/12/2025;87,31;87,67;87,16;87,43;181994596,20;4626
CCMFUT;16/12/2025;86,93;87,88;86,85;87,37;136645876,10;3479
CCMFUT;15/12/2025;87,47;87,61;86,86;86,94;132737111,70;3386
CCMFUT;12/12/2025;87,89;88,04;87,33;87,55;200490435,60;5085
CCMFUT;11/12/2025;88,66;88,89;87,84;87,92;192660512,80;4857
CCMFUT;10/12/2025;90,53;90,69;88,56;88,65;286642728,00;7125
CCMFUT;09/12/2025;90,76;90,96;89,75;90,68;306166079,10;7520
CCMFUT;08/12/2025;90,08;91,56;90,00;90,59;235728111,70;5770
CCMFUT;05/12/2025;90,35;91,39;89,62;90,04;437051266,50;10762
CCMFUT;04/12/2025;91,21;91,92;90,17;90,42;231145059,20;5661
CCMFUT;03/12/2025;92,61;92,64;90,90;91,20;354388396,60;8615
CCMFUT;02/12/2025;90,23;93,45;90,08;92,42;426781605,30;10338
CCMFUT;01/12/2025;89,02;91,49;88,83;90,25;308056816,40;7576
CCMFUT;28/11/2025;89,36;89,90;88,95;89,02;159799843,90;3973
CCMFUT;27/11/2025;88,89;89,86;88,42;89,36;196338807,10;4886
CCMFUT;26/11/2025;87,44;89,11;87,43;89,11;258738466,70;6524
CCMFUT;25/11/2025;86,75;87,55;86,49;87,50;234058104,30;5977
CCMFUT;24/11/2025;86,57;86,97;86,46;86,59;123052353,40;3155
CCMFUT;21/11/2025;86,25;86,58;85,68;86,58;149100641,10;3849
CCMFUT;19/11/2025;86,71;86,94;86,12;86,21;234090542,30;6017
CCMFUT;18/11/2025;86,92;87,19;86,57;86,70;113755341,60;2911
CCMFUT;17/11/2025;86,04;87,18;85,97;86,91;198377961,70;5085
CCMFUT;14/11/2025;86,30;86,80;85,61;86,28;188941369,90;4875
CCMFUT;13/11/2025;86,03;86,58;85,72;86,34;174203234,60;4489
CCMFUT;12/11/2025;85,61;86,09;85,18;86,03;207362795,50;5380
CCMFUT;11/11/2025;85,84;85,91;85,58;85,67;92557705,29;2399
CCMFUT;10/11/2025;85,64;85,96;85,40;85,71;69810034,87;1810
CCMFUT;07/11/2025;86,21;86,25;85,55;85,60;117384332,60;3042
CCMFUT;06/11/2025;86,51;86,51;85,89;86,21;235828966,10;6082
CCMFUT;05/11/2025;86,20;86,78;86,08;86,51;182591637,80;4694
CCMFUT;04/11/2025;86,48;86,79;85,91;86,12;184253691,80;4755
CCMFUT;03/11/2025;85,98;86,59;85,40;86,48;184282332,90;4765
CCMFUT;31/10/2025;85,45;86,14;85,24;86,01;138861447,50;3595
CCMFUT;30/10/2025;86,58;86,92;85,17;85,53;296885507,70;7662
CCMFUT;29/10/2025;85,35;86,55;84,96;86,55;274994709,60;7111
CCMFUT;28/10/2025;85,82;85,87;85,20;85,38;153206132,60;3980
CCMFUT;27/10/2025;84,82;85,95;84,82;85,83;221376412,00;5745
CCMFUT;24/10/2025;84,96;85,41;84,58;84,95;193777297,80;5076
CCMFUT;23/10/2025;86,70;86,70;84,90;84,95;432009055,90;11209
CCMFUT;22/10/2025;86,59;87,16;86,44;86,70;174359452,30;4465
CCMFUT;21/10/2025;87,17;87,20;86,36;86,58;166801848,60;4278
CCMFUT;20/10/2025;86,46;87,22;86,45;87,21;224244196,50;5723
CCMFUT;17/10/2025;85,86;86,84;85,78;86,55;243303945,80;6252
CCMFUT;16/10/2025;85,55;86,17;85,06;85,86;207755041,20;5388
CCMFUT;15/10/2025;85,74;85,77;84,95;85,39;243154141,80;6331
CCMFUT;14/10/2025;85,01;85,83;84,57;85,77;313018193,70;8168
CCMFUT;13/10/2025;85,77;85,92;84,95;84,95;199282486,70;5195
CCMFUT;10/10/2025;85,00;85,92;84,76;85,81;330472898,10;8593
CCMFUT;09/10/2025;84,21;85,07;84,19;85,04;285638822,50;7486
CCMFUT;08/10/2025;83,90;84,57;83,78;84,19;142807275,10;3768
CCMFUT;07/10/2025;83,99;84,16;83,68;83,87;152550555,80;4039
CCMFUT;06/10/2025;83,43;84,26;83,30;83,91;253648638,40;6727
CCMFUT;03/10/2025;83,11;83,49;83,06;83,43;155187249,00;4139
CCMFUT;02/10/2025;82,97;83,15;82,62;83,03;130478724,20;3497
CCMFUT;01/10/2025;82,61;82,92;82,32;82,87;211799829,80;5700
CCMFUT;30/09/2025;83,57;83,66;82,42;82,52;346512567,40;9274
CCMFUT;29/09/2025;83,71;83,71;83,32;83,57;71401456,02;1899
CCMFUT;26/09/2025;84,09;84,25;83,56;83,68;70354841,46;1866
CCMFUT;25/09/2025;83,57;84,19;83,33;84,01;168461433,90;4465
CCMFUT;24/09/2025;83,76;83,94;83,19;83,66;280674384,40;7472
CCMFUT;23/09/2025;84,19;84,29;83,51;83,94;284852315,80;7555
CCMFUT;22/09/2025;85,14;85,14;83,61;84,14;334208055,70;8791
CCMFUT;19/09/2025;85,15;85,58;84,98;85,14;175010211,10;4559
CCMFUT;18/09/2025;85,00;85,26;84,69;85,01;111371994,40;2918
CCMFUT;17/09/2025;85,33;85,57;84,77;85,01;161536522,60;4226
CCMFUT;16/09/2025;85,15;85,53;84,69;85,29;342861171,50;8958
CCMFUT;15/09/2025;86,21;86,46;85,01;85,15;328005810,20;8535
CCMFUT;12/09/2025;85,92;86,34;85,39;86,21;267392651,00;6916
CCMFUT;11/09/2025;86,17;86,17;85,49;85,84;225208960,70;5835
CCMFUT;10/09/2025;86,16;86,69;85,96;86,03;205061316,10;5282
CCMFUT;09/09/2025;86,27;86,51;85,96;86,25;145097959,90;3743
CCMFUT;08/09/2025;85,97;86,56;85,78;86,27;147315213,30;3795
CCMFUT;05/09/2025;86,77;87,10;85,96;86,06;186178567,00;4797
CCMFUT;04/09/2025;86,79;86,94;86,35;86,80;153857960,70;3945
CCMFUT;03/09/2025;86,39;86,87;86,14;86,67;254036902,10;6524
CCMFUT;02/09/2025;86,27;86,58;86,14;86,33;196935246,70;5070
CCMFUT;01/09/2025;86,96;87,32;86,21;86,30;137808857,80;3536
CCMFUT;29/08/2025;86,35;87,14;86,09;86,94;293589207,10;7529
CCMFUT;28/08/2025;87,15;87,40;86,35;86,46;402326953,10;10284
CCMFUT;27/08/2025;87,83;87,89;87,27;87,30;230765724,30;5861
CCMFUT;26/08/2025;87,67;88,24;87,51;87,83;235238892,70;5945
CCMFUT;25/08/2025;87,88;88,00;87,20;87,79;124397457,80;3155
CCMFUT;22/08/2025;88,21;88,32;87,40;87,80;246369804,50;6242
CCMFUT;21/08/2025;86,74;88,33;86,67;88,11;372548650,30;9443
CCMFUT;20/08/2025;87,95;88,20;86,51;86,67;274938456,80;6994
CCMFUT;19/08/2025;87,54;88,32;86,78;87,95;338481754,90;8594
CCMFUT;18/08/2025;86,07;87,67;85,61;87,54;279324176,00;7176
CCMFUT;15/08/2025;85,70;86,34;85,42;86,09;171640004,90;4436
CCMFUT;14/08/2025;86,14;86,27;85,42;85,73;175090770,50;4540
CCMFUT;13/08/2025;85,99;86,54;85,82;86,13;140440428,00;3624
CCMFUT;12/08/2025;86,75;86,79;85,81;86,01;385191644,70;9939
CCMFUT;11/08/2025;86,63;87,14;86,50;86,74;168626055,00;4318
CCMFUT;08/08/2025;87,15;87,50;86,42;86,59;272009212,50;6968
CCMFUT;07/08/2025;86,80;87,97;86,61;87,38;289181993,20;7356
CCMFUT;06/08/2025;87,26;87,79;86,49;87,00;362140112,20;9233
CCMFUT;05/08/2025;88,47;88,88;87,18;87,30;398796765,90;10075
CCMFUT;04/08/2025;89,06;89,53;88,33;88,47;283308704,70;7081
CCMFUT;01/08/2025;88,84;89,26;88,15;88,94;353177558,70;8845
CCMFUT;31/07/2025;88,76;89,00;87,85;88,65;368305479,90;9240
CCMFUT;30/07/2025;86,54;89,32;86,35;88,74;546859520,80;13856
CCMFUT;29/07/2025;86,26;86,74;85,68;86,54;246584793,30;6350
CCMFUT;28/07/2025;87,14;87,32;86,27;86,35;267670947,80;6868
CCMFUT;25/07/2025;87,27;87,60;86,87;87,20;153210639,20;3902
CCMFUT;24/07/2025;86,53;87,54;86,09;87,27;214381044,70;5487
CCMFUT;23/07/2025;86,58;87,40;86,09;86,50;237374249,80;6078
CCMFUT;22/07/2025;86,45;87,07;85,88;86,74;204361305,90;5246
CCMFUT;21/07/2025;86,98;87,60;85,84;86,43;416862305,80;10685
CCMFUT;18/07/2025;85,81;87,27;85,18;86,94;456294106,60;11703
CCMFUT;17/07/2025;85,04;86,01;84,77;85,81;251963578,30;6564
CCMFUT;16/07/2025;84,08;85,26;83,91;85,18;162046615,50;4240
CCMFUT;15/07/2025;85,13;85,60;84,15;84,21;283508815,80;7422
CCMFUT;14/07/2025;84,85;85,28;83,82;85,13;445440235,00;11709
CCMFUT;11/07/2025;83,42;85,68;83,03;84,88;497521234,80;13075
CCMFUT;10/07/2025;84,84;85,21;83,35;83,42;388928332,90;10267
CCMFUT;09/07/2025;82,99;84,95;82,85;84,73;380306807,40;10079
CCMFUT;08/07/2025;82,17;83,43;82,05;82,89;284185629,80;7634
CCMFUT;07/07/2025;82,37;82,85;81,85;82,36;230766662,80;6228
CCMFUT;04/07/2025;83,22;83,55;82,37;82,45;215154710,30;5769
CCMFUT;03/07/2025;82,10;83,68;81,92;83,22;400639918,30;10725
CCMFUT;02/07/2025;81,80;82,36;81,20;82,10;310400768,10;8429
CCMFUT;01/07/2025;82,36;82,36;81,56;81,80;231577902,30;6289
CCMFUT;30/06/2025;82,73;83,42;82,09;82,32;347661287,70;9339
CCMFUT;27/06/2025;82,63;83,01;81,89;82,66;311102956,10;8377
CCMFUT;26/06/2025;83,70;84,31;82,65;82,69;487708062,70;12963
CCMFUT;25/06/2025;85,34;86,41;83,54;83,64;493220896,60;12925
CCMFUT;24/06/2025;84,79;85,64;84,51;85,53;274780737,40;7179
CCMFUT;23/06/2025;84,31;85,26;84,21;84,69;204249337,40;5354
CCMFUT;20/06/2025;84,55;84,95;84,08;84,40;187666094,90;4940
CCMFUT;18/06/2025;84,83;85,81;84,35;84,55;192417893,40;5025
CCMFUT;17/06/2025;84,17;85,01;83,82;84,88;280757118,00;7398
CCMFUT;16/06/2025;85,14;85,28;83,75;84,17;300382105,30;7917
CCMFUT;13/06/2025;84,79;85,41;84,25;85,13;290738105,30;7602
CCMFUT;12/06/2025;85,74;86,25;84,68;84,79;373782222,40;9756
CCMFUT;11/06/2025;86,74;86,80;85,82;85,86;322187590,90;8312
CCMFUT;10/06/2025;86,38;86,87;85,54;86,86;462536146,40;11923
CCMFUT;09/06/2025;87,02;87,67;85,94;86,38;347135456,70;8921
CCMFUT;06/06/2025;86,84;87,38;86,13;87,04;328934965,30;8425
CCMFUT;05/06/2025;86,92;87,44;86,23;86,86;292221514,40;7491
CCMFUT;04/06/2025;86,18;86,98;86,09;86,94;340004662,60;8720
CCMFUT;03/06/2025;84,99;86,21;84,59;86,07;280004929,10;7280
CCMFUT;02/06/2025;85,60;85,62;84,69;84,93;122390925,40;3200
CCMFUT;30/05/2025;84,48;85,68;84,48;85,53;266318957,70;6951
CCMFUT;29/05/2025;85,84;85,93;84,49;84,64;318145368,50;8341
CCMFUT;28/05/2025;87,67;87,96;85,50;85,76;385703040,40;9934
CCMFUT;27/05/2025;86,35;87,81;85,77;87,69;428174290,70;10956
CCMFUT;26/05/2025;85,68;86,39;85,12;86,29;228108038,90;5911
CCMFUT;23/05/2025;85,68;86,53;84,89;85,41;285767773,40;7413
CCMFUT;22/05/2025;88,07;88,07;85,28;85,68;487128088,40;12453
CCMFUT;21/05/2025;85,48;88,12;85,14;88,07;614179979,90;15666
CCMFUT;20/05/2025;84,20;85,68;83,96;85,40;381030364,60;9958
CCMFUT;19/05/2025;84,61;85,38;83,70;84,07;383477101,90;10120
CCMFUT;16/05/2025;85,66;85,81;83,95;85,01;276266101,00;7248
CCMFUT;15/05/2025;86,07;86,67;84,63;85,53;303044524,80;7911
CCMFUT;14/05/2025;84,71;86,66;84,37;85,94;419145985,90;10879
CCMFUT;13/05/2025;85,77;85,86;84,67;84,76;368927301,90;9635
CCMFUT;12/05/2025;86,41;86,67;85,58;85,66;261801233,80;6754
CCMFUT;09/05/2025;87,22;87,22;86,25;86,65;265480724,30;6806
CCMFUT;08/05/2025;87,67;88,08;87,00;87,34;260053582,20;6627
CCMFUT;07/05/2025;88,27;88,27;86,82;87,83;428954812,40;10924
CCMFUT;06/05/2025;88,86;89,16;87,83;88,16;262943650,60;6609
CCMFUT;05/05/2025;90,24;90,40;88,05;88,62;354466627,70;8879
CCMFUT;02/05/2025;89,46;90,26;89,46;90,25;170761396,00;4227
CCMFUT;30/04/2025;89,97;90,73;89,46;89,46;281789228,50;6933
CCMFUT;29/04/2025;89,10;90,05;88,64;89,93;381523025,20;9495
CCMFUT;28/04/2025;90,70;90,94;88,78;88,98;423945610,50;10556
CCMFUT;25/04/2025;90,53;91,10;90,30;90,84;196570777,80;4815
CCMFUT;24/04/2025;90,05;90,81;89,52;90,73;309898199,10;7647
CCMFUT;23/04/2025;91,21;91,33;89,90;90,05;391710421,30;9632
CCMFUT;22/04/2025;90,06;91,20;89,72;91,20;170087945,40;4182
CCMFUT;17/04/2025;90,63;91,49;89,94;90,34;222635475,20;5454
CCMFUT;16/04/2025;91,94;92,05;90,51;90,60;301404350,80;7343
CCMFUT;15/04/2025;92,97;93,80;91,94;92,17;294934906,60;7047
CCMFUT;14/04/2025;93,77;93,82;92,14;92,85;172044208,80;4123
CCMFUT;11/04/2025;94,99;95,10;93,12;93,39;310932794,20;7355
CCMFUT;10/04/2025;93,92;95,17;93,40;94,86;327472258,20;7710
CCMFUT;09/04/2025;94,40;95,91;92,64;93,70;476178445,30;11183
CCMFUT;08/04/2025;92,38;94,64;92,11;94,40;408171754,50;9670
CCMFUT;07/04/2025;89,93;92,63;89,93;92,36;360850705,40;8743
CCMFUT;04/04/2025;90,17;90,38;88,67;89,93;379446270,70;9410
CCMFUT;03/04/2025;90,93;92,29;89,47;90,19;462472248,70;11314
CCMFUT;02/04/2025;92,58;92,58;90,73;90,97;322053787,50;7838
CCMFUT;01/04/2025;91,49;92,74;91,29;92,52;343980549,40;8297
CCMFUT;31/03/2025;90,81;92,13;90,58;91,44;416206728,50;10125
CCMFUT;28/03/2025;91,11;91,58;89,72;90,86;327971501,00;8040
CCMFUT;27/03/2025;90,76;92,87;90,34;91,03;437080318,60;10559
CCMFUT;26/03/2025;91,34;92,04;90,05;90,73;583938121,00;14307
CCMFUT;25/03/2025;93,83;93,83;91,31;91,49;366368754,50;8794
CCMFUT;24/03/2025;93,77;94,25;92,06;93,55;465293783,20;11119
CCMFUT;21/03/2025;94,58;96,13;92,89;93,76;530730759,20;12480
CCMFUT;20/03/2025;98,04;98,57;94,37;94,59;758499646,70;17528
CCMFUT;19/03/2025;99,38;99,82;97,58;98,07;676069581,90;15212
CCMFUT;18/03/2025;96,69;99,56;96,69;99,44;743910603,60;16778
CCMFUT;17/03/2025;93,72;97,10;93,58;96,53;503014392,00;11751
CCMFUT;14/03/2025;94,03;94,70;93,30;93,97;347407844,10;8203
CCMFUT;13/03/2025;93,70;94,49;92,79;93,80;353309947,20;8384
CCMFUT;12/03/2025;93,51;95,39;93,30;93,58;433810509,10;10238
CCMFUT;11/03/2025;94,28;94,45;93,57;93,84;390724587,70;9237
CCMFUT;10/03/2025;92,32;94,35;92,23;94,16;437626400,60;10355
CCMFUT;07/03/2025;92,84;93,16;91,60;92,19;486306690,10;11695
CCMFUT;06/03/2025;92,64;93,56;92,45;92,85;389389593,80;9282
CCMFUT;05/03/2025;93,07;93,09;92,10;92,51;199389201,50;4787
CCMFUT;28/02/2025;93,14;93,46;92,79;92,82;215964065,40;5152
CCMFUT;27/02/2025;92,70;93,30;91,59;92,93;412075513,30;9901
CCMFUT;26/02/2025;91,24;93,09;91,05;92,55;424738696,80;10195
CCMFUT;25/02/2025;89,62;90,89;89,46;90,89;405623198,90;9996
CCMFUT;24/02/2025;91,12;91,45;89,27;89,66;389892113,40;9562
CCMFUT;21/02/2025;88,55;91,51;88,55;91,16;515545745,00;12647
CCMFUT;20/02/2025;86,59;88,75;86,56;88,70;348384236,70;8800
CCMFUT;19/02/2025;86,61;86,82;85,70;86,56;276535132,50;7123
CCMFUT;18/02/2025;86,23;86,98;85,82;86,50;276567203,40;7100
CCMFUT;17/02/2025;86,35;87,28;86,11;86,13;192459776,50;4931
CCMFUT;14/02/2025;85,44;86,56;85,29;86,43;249670914,70;6446
CCMFUT;13/02/2025;84,26;85,69;84,13;85,45;283270396,70;7382
CCMFUT;12/02/2025;83,88;84,59;83,69;84,10;290745774,10;7681
CCMFUT;11/02/2025;84,89;85,30;83,88;83,88;255285866,80;6698
CCMFUT;10/02/2025;83,78;85,10;83,66;84,79;200451633,70;5262
CCMFUT;07/02/2025;83,77;84,19;83,43;83,66;183264925,70;4857
CCMFUT;06/02/2025;83,54;84,05;82,30;83,63;331220127,30;8837
CCMFUT;05/02/2025;82,16;83,54;82,07;83,46;239676899,40;6416
CCMFUT;04/02/2025;81,03;82,18;80,95;82,14;248472534,30;6753
CCMFUT;03/02/2025;80,89;81,26;80,13;81,03;191369004,50;5259
CCMFUT;31/01/2025;81,50;81,70;80,57;80,88;219604408,60;6019
CCMFUT;30/01/2025;81,25;81,63;80,89;81,45;166679268,70;4556
CCMFUT;29/01/2025;80,16;81,21;80,14;81,11;262559235,60;7234
CCMFUT;28/01/2025;80,21;80,86;79,91;80,18;148192081,80;4105
CCMFUT;27/01/2025;80,46;80,70;79,70;80,40;217103081,10;6026
CCMFUT;24/01/2025;81,77;82,11;80,10;80,50;338028981,50;9308
CCMFUT;23/01/2025;81,48;82,48;81,17;81,87;274195518,90;7440
CCMFUT;22/01/2025;82,98;82,98;81,31;81,53;286784582,20;7782
CCMFUT;21/01/2025;83,82;83,87;82,60;82,98;189609409,90;5063
CCMFUT;20/01/2025;82,00;83,84;81,53;83,74;243287018,00;6501
CCMFUT;17/01/2025;81,57;83,21;80,87;82,16;299649928,50;8099
CCMFUT;16/01/2025;83,52;83,53;81,53;81,61;365871836,50;9863
CCMFUT;15/01/2025;84,84;84,92;83,28;83,56;368239259,60;9745
CCMFUT;14/01/2025;85,58;85,91;84,32;84,80;355997982,20;9288
CCMFUT;13/01/2025;83,50;85,92;83,18;85,61;337464402,60;8801
CCMFUT;10/01/2025;82,27;83,65;81,94;83,50;332778730,40;8918
CCMFUT;09/01/2025;81,39;82,35;81,02;82,21;269330186,10;7329
CCMFUT;08/01/2025;81,03;81,74;81,03;81,45;170553835,70;4651
CCMFUT;07/01/2025;81,43;81,64;80,67;80,99;186705741,90;5120
CCMFUT;06/01/2025;80,05;81,40;79,98;81,38;328241196,70;9032
CCMFUT;03/01/2025;80,50;80,96;79,93;80,06;173933094,40;4807
CCMFUT;02/01/2025;81,37;81,89;80,50;80,62;169748527,50;4653
CCMFUT;30/12/2024;80,70;81,43;80,56;81,10;151341362,20;4148
CCMFUT;27/12/2024;80,52;80,80;80,22;80,56;114710293,40;3168
CCMFUT;26/12/2024;80,88;81,12;80,22;80,55;111635389,80;3077
CCMFUT;23/12/2024;80,58;81,21;80,55;80,83;116380503,10;3195
CCMFUT;20/12/2024;81,43;81,43;80,45;80,72;154952918,30;4259
CCMFUT;19/12/2024;82,52;82,73;81,21;81,38;176950954,90;4803
CCMFUT;18/12/2024;82,13;82,30;81,10;82,29;165774453,90;4507
CCMFUT;17/12/2024;81,24;82,81;81,18;82,09;309825706,90;8387
CCMFUT;16/12/2024;81,91;81,98;80,72;81,43;355037824,30;9691
CCMFUT;13/12/2024;82,60;82,97;81,76;81,97;361223147,80;9775
CCMFUT;12/12/2024;84,16;84,16;82,04;82,75;445094198,20;11892
CCMFUT;11/12/2024;83,46;84,77;82,22;84,13;391739425,60;10404
CCMFUT;10/12/2024;82,31;83,66;82,05;83,46;388730889,90;10420
CCMFUT;09/12/2024;81,43;82,48;80,81;82,37;329810111,60;8944
CCMFUT;06/12/2024;79,75;81,54;79,35;81,38;507862489,60;13988
CCMFUT;05/12/2024;78,38;79,67;77,55;79,62;344224207,10;9715
CCMFUT;04/12/2024;79,59;79,64;78,20;78,30;227742260,50;6438
CCMFUT;03/12/2024;79,93;79,93;79,24;79,56;181986567,60;5080
CCMFUT;02/12/2024;78,97;79,88;78,74;79,83;202374062,10;5658
CCMFUT;29/11/2024;77,84;79,00;77,32;78,85;314149516,60;8916
CCMFUT;28/11/2024;77,89;78,11;76,43;77,66;375926425,30;10809
CCMFUT;27/11/2024;77,51;78,67;77,19;77,89;537556671,70;15352
CCMFUT;26/11/2024;78,44;79,29;77,11;77,59;399805501,80;11416
CCMFUT;25/11/2024;79,35;80,27;78,06;78,47;329222105,90;9280
CCMFUT;22/11/2024;79,79;79,95;78,90;79,37;263889852,20;7391
CCMFUT;21/11/2024;80,31;80,66;79,41;79,64;281903500,00;7843
CCMFUT;19/11/2024;81,14;81,42;80,09;80,31;300345944,00;8309
CCMFUT;18/11/2024;82,03;82,53;81,04;81,14;208834325,40;5687
CCMFUT;14/11/2024;83,00;83,83;81,89;82,02;224328470,80;6030
CCMFUT;13/11/2024;83,27;83,38;82,95;83,14;178418813,50;4769
CCMFUT;12/11/2024;83,57;83,64;83,06;83,31;184330008,20;4918
CCMFUT;11/11/2024;82,86;83,58;82,77;83,49;225181559,50;6004
CCMFUT;08/11/2024;82,64;82,97;82,50;82,88;262400519,80;7047
CCMFUT;07/11/2024;81,33;82,64;81,24;82,49;385759301,10;10415
CCMFUT;06/11/2024;80,95;81,58;80,85;81,33;332444466,90;9096
CCMFUT;05/11/2024;81,75;81,76;80,80;80,95;319123078,20;8737
CCMFUT;04/11/2024;82,07;82,38;81,68;81,78;258271991,90;7004
CCMFUT;01/11/2024;81,86;82,30;81,57;81,96;299344057,80;8133
CCMFUT;31/10/2024;82,09;82,38;81,38;81,80;247280676,20;6720
CCMFUT;30/10/2024;82,15;83,06;81,82;82,07;285495615,20;7691
CCMFUT;29/10/2024;81,12;82,34;80,93;82,19;423812076,60;11547
CCMFUT;28/10/2024;81,40;81,52;80,53;81,12;271153002,80;7429
CCMFUT;25/10/2024;81,00;81,63;80,82;81,40;180778100,00;4941
CCMFUT;24/10/2024;80,34;81,31;80,23;81,00;269409183,00;7394
CCMFUT;23/10/2024;79,61;80,51;79,27;80,34;294755198,40;8199
CCMFUT;22/10/2024;78,71;79,88;78,43;79,59;344269678,70;9636
CCMFUT;21/10/2024;77,70;78,74;77,49;78,60;210030533,30;5960
CCMFUT;18/10/2024;77,44;78,01;77,31;77,70;121250394,10;3469
CCMFUT;17/10/2024;76,87;77,64;76,65;77,44;137217564,20;3947
CCMFUT;16/10/2024;77,00;77,52;76,70;76,80;125625701,50;3621
CCMFUT;15/10/2024;75,57;77,08;75,24;76,97;211306150,30;6152
CCMFUT;14/10/2024;76,85;76,86;75,36;75,60;208319466,30;6089
CCMFUT;11/10/2024;77,29;77,73;76,77;76,86;142608647,40;4108
CCMFUT;10/10/2024;76,63;77,42;76,53;77,22;174851278,70;5044
CCMFUT;09/10/2024;76,14;76,97;75,45;76,58;203853216,50;5929
CCMFUT;08/10/2024;75,17;76,69;74,84;76,03;190706643,90;5586
CCMFUT;07/10/2024;76,31;76,86;75,02;75,17;198610008,10;5838
CCMFUT;04/10/2024;78,09;78,09;76,30;76,31;279578341,50;8062
CCMFUT;03/10/2024;78,10;78,43;77,77;77,99;149302071,80;4249
CCMFUT;02/10/2024;77,36;78,41;77,36;78,15;248732856,30;7082
CCMFUT;01/10/2024;77,29;77,42;76,89;77,42;170720827,10;4907
CCMFUT;30/09/2024;77,10;77,38;76,78;77,31;208002697,80;5985
CCMFUT;27/09/2024;76,42;77,09;76,00;77,08;214160212,40;6219
CCMFUT;26/09/2024;76,02;77,16;75,76;76,51;301993136,10;8768
CCMFUT;25/09/2024;76,46;76,63;75,66;76,00;275332167,00;8033
CCMFUT;24/09/2024;76,48;76,57;75,86;76,52;216343920,40;6304
CCMFUT;23/09/2024;76,12;76,63;75,73;76,42;275755812,60;8025
CCMFUT;20/09/2024;75,08;76,30;74,50;76,13;479859691,20;14119
CCMFUT;19/09/2024;74,50;75,36;73,88;75,10;369178375,90;10985
CCMFUT;18/09/2024;75,47;75,47;74,29;74,39;271569620,10;8074
CCMFUT;17/09/2024;75,68;75,85;75,06;75,45;298777515,80;8809
