CCMK26;15/05/2026;65,20;65,37;65,14;65,32;21300309,00;725
CCMK26;14/05/2026;65,23;65,29;65,10;65,20;38623653,00;1317
CCMK26;13/05/2026;65,82;65,83;65,10;65,22;56134273,50;1911
CCMK26;12/05/2026;66,00;66,04;65,73;65,78;16982154,00;573
CCMK26;11/05/2026;66,00;66,23;65,86;66,01;29528991,00;994
CCMK26;08/05/2026;66,02;66,18;65,85;66,01;40370238,00;1359
CCMK26;07/05/2026;66,30;66,99;65,92;66,02;84830179,50;2845
CCMK26;06/05/2026;67,03;67,50;66,14;66,44;115111332,00;3837
CCMK26;05/05/2026;67,50;67,68;66,85;66,85;98309614,50;3246
CCMK26;04/05/2026;67,88;68,14;67,40;67,41;59398425,00;1949
CCMK26;30/04/2026;68,78;69,20;67,80;67,88;144359118,00;4700
CCMK26;29/04/2026;68,26;68,88;67,92;68,77;71986995,00;2340
CCMK26;28/04/2026;68,92;68,98;68,11;68,21;47858922,00;1555
CCMK26;27/04/2026;68,50;69,40;68,46;68,92;68173528,50;2196
CCMK26;24/04/2026;67,94;68,90;67,77;68,60;97459245,00;3160
CCMK26;23/04/2026;68,98;69,12;67,72;67,83;143869932,00;4693
CCMK26;22/04/2026;67,44;69,05;67,21;68,95;241410132,00;7851
CCMK26;20/04/2026;65,70;67,59;65,59;67,55;282307522,50;9388
CCMK26;17/04/2026;65,89;66,00;64,92;65,70;181498095,00;6166
CCMK26;16/04/2026;66,25;66,51;65,81;65,90;247871362,50;8334
CCMK26;15/04/2026;67,33;67,40;66,08;66,24;243751266,00;8115
CCMK26;14/04/2026;67,63;67,89;67,26;67,30;105175440,00;3460
CCMK26;13/04/2026;68,20;68,56;67,36;67,63;121562095,50;3987
CCMK26;10/04/2026;68,46;68,76;67,90;68,27;136637869,50;4454
CCMK26;09/04/2026;69,06;69,48;68,30;68,63;179911930,50;5815
CCMK26;08/04/2026;70,01;70,13;68,91;69,13;217475761,50;6985
CCMK26;07/04/2026;71,02;71,28;69,94;70,05;181077399,00;5709
CCMK26;06/04/2026;71,77;71,80;70,80;71,01;130276291,50;4073
CCMK26;02/04/2026;71,36;72,00;71,25;71,72;194302008,00;6027
CCMK26;01/04/2026;72,93;72,93;71,30;71,32;302956668,00;9356
CCMK26;31/03/2026;73,71;73,99;72,63;72,90;280625989,50;8507
CCMK26;30/03/2026;72,00;73,80;72,00;73,70;268335792,00;8150
CCMK26;27/03/2026;72,07;72,87;71,91;72,17;177719265,00;5459
CCMK26;26/03/2026;72,15;72,40;71,84;72,05;66319159,50;2047
CCMK26;25/03/2026;72,04;72,10;71,70;72,05;151577685,00;4685
CCMK26;24/03/2026;72,12;72,60;71,66;71,91;127814625,00;3931
CCMK26;23/03/2026;71,91;72,16;71,50;72,01;119616633,00;3698
CCMK26;20/03/2026;72,03;72,59;71,90;71,99;156338779,50;4814
CCMK26;19/03/2026;72,52;73,22;71,61;72,01;277898418,00;8534
CCMK26;18/03/2026;72,09;72,60;71,25;72,50;369095067,00;11390
CCMK26;17/03/2026;72,43;73,69;71,90;72,13;448049169,00;13718
CCMK26;16/03/2026;75,15;75,28;72,29;72,37;516277210,50;15497
CCMK26;13/03/2026;75,32;75,67;74,54;75,29;271490089,50;8030
CCMK26;12/03/2026;75,90;76,44;74,91;75,20;348633427,50;10219
CCMK26;11/03/2026;75,28;75,94;74,94;75,82;355324041,00;10460
CCMK26;10/03/2026;75,67;75,85;74,11;75,24;402490489,50;11944
CCMK26;09/03/2026;74,81;76,29;74,76;75,90;323513082,00;9528
CCMK26;06/03/2026;73,32;75,00;73,05;74,83;374536827,00;11200
CCMK26;05/03/2026;72,51;73,50;72,51;73,23;150959875,50;4584
CCMK26;04/03/2026;72,80;72,95;72,11;72,68;218703150,00;6697
CCMK26;03/03/2026;71,75;72,79;71,64;72,73;169698118,50;5212
CCMK26;02/03/2026;71,67;72,46;71,18;71,51;240999129,00;7443
CCMK26;27/02/2026;70,78;71,85;70,45;71,72;200730478,50;6255
CCMK26;26/02/2026;70,11;70,80;70,00;70,79;155768584,50;4909
CCMK26;25/02/2026;70,23;70,49;70,00;70,10;108914026,50;3447
CCMK26;24/02/2026;70,79;71,22;70,16;70,29;104096524,50;3268
CCMK26;23/02/2026;71,40;71,50;70,55;70,85;133570602,00;4185
CCMK26;20/02/2026;70,57;71,54;70,34;71,43;176944909,50;5538
CCMK26;19/02/2026;70,40;70,61;69,88;70,48;80640148,50;2551
CCMK26;18/02/2026;70,54;70,85;70,38;70,39;31387333,50;987
CCMK26;13/02/2026;70,44;70,80;70,38;70,61;61894323,00;1949
CCMK26;12/02/2026;69,94;70,67;69,81;70,35;94479408,00;2983
CCMK26;11/02/2026;70,00;70,27;69,64;69,93;88768422,00;2819
CCMK26;10/02/2026;69,04;70,06;68,87;70,00;113014989,00;3603
CCMK26;09/02/2026;69,08;69,49;68,82;69,05;81879808,50;2630
CCMK26;06/02/2026;70,02;70,12;68,77;69,12;151729123,50;4874
CCMK26;05/02/2026;69,51;70,36;69,41;70,12;88974810,00;2825
CCMK26;04/02/2026;69,90;70,15;68,60;69,61;153817672,50;4919
CCMK26;03/02/2026;69,30;70,05;69,19;69,95;158294299,50;5044
CCMK26;02/02/2026;68,83;69,30;68,42;69,28;68874970,50;2217
CCMK26;30/01/2026;68,05;69,77;68,05;68,80;127024470,00;4096
CCMK26;29/01/2026;67,43;68,24;67,38;68,13;87841840,50;2883
CCMK26;28/01/2026;68,45;68,48;67,42;67,63;99123975,00;3253
CCMK26;27/01/2026;68,39;68,72;67,64;68,48;116361954,00;3790
CCMK26;26/01/2026;68,47;68,96;68,11;68,31;54269527,50;1765
CCMK26;23/01/2026;68,56;68,56;68,07;68,42;66981991,50;2179
CCMK26;22/01/2026;69,18;69,18;68,21;68,75;66793729,50;2167
CCMK26;21/01/2026;69,92;69,95;68,81;69,15;67471348,50;2165
CCMK26;20/01/2026;70,20;70,28;69,90;69,95;43228116,00;1371
CCMK26;19/01/2026;70,32;70,52;70,15;70,18;28021401,00;886
CCMK26;16/01/2026;70,39;70,64;70,23;70,30;38290513,50;1208
CCMK26;15/01/2026;70,67;70,79;70,11;70,35;65933392,50;2083
CCMK26;14/01/2026;71,14;71,28;70,67;70,83;59138806,50;1852
CCMK26;13/01/2026;71,54;71,66;70,81;70,99;56685546,00;1773
CCMK26;12/01/2026;72,34;72,46;71,47;71,55;57983274,00;1788
CCMK26;09/01/2026;72,39;72,57;72,18;72,35;36185292,00;1111
CCMK26;08/01/2026;72,72;72,72;72,07;72,35;37507365,00;1153
CCMK26;07/01/2026;73,30;73,30;72,45;72,51;50768644,50;1552
CCMK26;06/01/2026;73,38;73,54;72,80;73,25;64211499,00;1946
CCMK26;05/01/2026;73,32;73,54;73,04;73,38;17606857,50;534
CCMK26;02/01/2026;73,59;73,64;73,11;73,23;22284063,00;675
CCMK26;30/12/2025;73,80;74,01;73,60;73,68;13119426,00;395
CCMK26;29/12/2025;74,00;74,19;73,80;73,82;22578124,50;679
CCMK26;26/12/2025;74,05;74,14;73,76;73,84;10377243,00;312
CCMK26;23/12/2025;74,40;74,70;74,02;74,20;10034874,00;300
CCMK26;22/12/2025;74,61;74,85;74,31;74,40;13687956,00;408
CCMK26;19/12/2025;74,70;75,19;74,70;74,89;17402031,00;516
CCMK26;18/12/2025;75,15;75,15;74,33;74,83;27364527,00;814
CCMK26;17/12/2025;74,50;75,25;74,50;75,11;17747784,00;527
CCMK26;16/12/2025;74,15;74,61;74,15;74,52;8475795,00;253
CCMK26;15/12/2025;74,24;74,26;73,75;74,13;14538829,50;436
CCMK26;12/12/2025;74,17;74,66;74,06;74,26;28948806,00;865
CCMK26;11/12/2025;75,00;75,27;74,30;74,32;33818485,50;1007
CCMK26;10/12/2025;75,80;75,80;75,00;75,06;22024854,00;649
CCMK26;09/12/2025;75,79;76,18;75,20;75,89;27445441,50;804
CCMK26;08/12/2025;75,40;76,39;75,40;75,56;30879868,50;905
CCMK26;05/12/2025;75,54;76,06;75,20;75,40;34072389,00;1004
CCMK26;04/12/2025;75,72;76,20;75,50;75,58;25062574,50;736
CCMK26;03/12/2025;75,70;76,39;75,30;75,85;46828503,00;1375
CCMK26;02/12/2025;75,00;76,51;75,00;76,17;40977450,00;1198
CCMK26;01/12/2025;74,12;76,08;74,00;75,16;42685263,00;1260
CCMK26;28/11/2025;74,42;74,97;74,13;74,25;17330467,50;516
CCMK26;27/11/2025;74,09;74,78;73,89;74,54;38595541,50;1152
CCMK26;26/11/2025;73,14;74,23;73,13;74,20;48718656,00;1470
CCMK26;25/11/2025;72,22;73,24;72,15;73,04;31457677,50;961
CCMK26;24/11/2025;71,90;72,49;71,78;72,30;17417902,50;536
CCMK26;21/11/2025;71,51;71,89;71,30;71,78;7513137,00;233
CCMK26;19/11/2025;71,80;72,07;71,40;71,51;17028459,00;528
CCMK26;18/11/2025;71,79;72,19;71,66;71,80;12199180,50;377
CCMK26;17/11/2025;71,81;71,90;71,50;71,81;16989205,50;526
CCMK26;14/11/2025;72,17;72,17;71,55;71,81;10139040,00;314
CCMK26;13/11/2025;72,02;72,05;71,74;72,03;13685287,50;423
CCMK26;12/11/2025;71,75;72,02;71,62;71,90;5331928,50;165
CCMK26;11/11/2025;71,66;72,20;71,65;71,75;5990895,00;185
CCMK26;10/11/2025;71,95;71,99;71,60;71,70;8337415,50;258
CCMK26;07/11/2025;72,30;72,30;71,72;71,86;2363314,50;73
CCMK26;06/11/2025;72,35;72,39;71,84;72,06;10058395,50;310
CCMK26;05/11/2025;72,37;72,55;72,16;72,21;10151613,00;312
CCMK26;04/11/2025;72,94;73,05;72,20;72,27;12884562,00;394
CCMK26;03/11/2025;72,75;73,35;72,75;73,21;19754586,00;601
CCMK26;31/10/2025;72,10;73,10;72,10;73,10;15389478,00;469
CCMK26;30/10/2025;72,17;72,65;72,10;72,10;10240708,50;314
CCMK26;29/10/2025;72,31;72,50;72,13;72,48;4456089,00;137
CCMK26;28/10/2025;72,24;72,39;71,98;72,14;11295940,50;348
CCMK26;27/10/2025;71,41;72,15;71,41;72,15;14491827,00;448
CCMK26;24/10/2025;71,43;71,49;71,14;71,40;10591659,00;330
CCMK26;23/10/2025;72,10;72,10;71,35;71,35;21070494,00;654
CCMK26;22/10/2025;71,80;72,31;71,77;72,11;10515744,00;324
CCMK26;21/10/2025;71,85;71,85;71,44;71,81;6000601,50;186
CCMK26;20/10/2025;71,75;72,20;71,75;71,90;3918969,00;121
CCMK26;17/10/2025;71,24;72,35;71,24;71,80;12049713,00;372
CCMK26;16/10/2025;70,82;71,20;70,60;71,20;7942054,50;249
CCMK26;15/10/2025;70,76;71,00;70,21;71,00;3113437,50;98
CCMK26;14/10/2025;70,15;70,80;69,96;70,80;7610355,00;241
CCMK26;13/10/2025;70,95;71,00;70,07;70,08;17965935,00;567
CCMK26;10/10/2025;70,77;71,00;70,70;70,85;5452528,50;171
CCMK26;09/10/2025;70,31;70,80;70,30;70,77;8874724,50;280
CCMK26;08/10/2025;70,00;70,60;70,00;70,33;4363632,00;138
CCMK26;07/10/2025;70,05;70,15;70,00;70,10;10309545,00;327
CCMK26;06/10/2025;69,97;70,17;69,89;70,04;2962309,50;94
CCMK26;03/10/2025;69,78;70,15;69,55;69,56;3137463,00;100
CCMK26;02/10/2025;70,00;70,00;69,76;69,83;1602774,00;51
CCMK26;01/10/2025;70,00;70,11;69,81;69,81;3809236,50;121
CCMK26;30/09/2025;70,39;70,44;69,86;69,86;6414358,50;203
CCMK26;29/09/2025;70,38;70,60;70,34;70,55;1205262,00;38
CCMK26;26/09/2025;70,57;70,69;70,54;70,54;254128,50;8
CCMK26;25/09/2025;70,80;70,80;70,04;70,59;2352600,00;74
CCMK26;24/09/2025;70,69;71,02;70,69;70,80;478602,00;15
CCMK26;23/09/2025;70,97;71,16;70,71;71,00;10509732,00;329
CCMK26;22/09/2025;71,63;71,70;71,00;71,18;14595210,00;454
CCMK26;19/09/2025;71,80;71,92;71,64;71,85;4646754,00;144
CCMK26;18/09/2025;71,69;71,88;71,61;71,73;2517021,00;78
CCMK26;17/09/2025;72,00;72,04;71,00;71,66;6807096,00;211
CCMK26;16/09/2025;71,50;72,26;71,50;72,26;419076,00;13
CCMK26;15/09/2025;71,71;71,71;71,55;71,55;322497,00;10
CCMK26;12/09/2025;71,70;72,04;71,59;71,71;678244,50;21
CCMK26;11/09/2025;72,25;72,30;71,74;71,74;10327743,00;318
CCMK26;10/09/2025;72,40;72,40;72,12;72,20;1788736,50;55
CCMK26;09/09/2025;72,20;73,00;72,16;72,20;14298763,50;440
CCMK26;08/09/2025;72,19;72,20;72,06;72,20;1655302,50;51
CCMK26;05/09/2025;71,99;72,21;71,86;71,86;1296054,00;40
CCMK26;04/09/2025;72,10;72,20;71,80;72,20;4958023,50;153
CCMK26;03/09/2025;72,48;72,48;71,95;72,04;1459404,00;45
CCMK26;02/09/2025;72,06;72,21;71,99;72,20;681511,50;21
CCMK26;01/09/2025;71,99;72,18;71,70;71,70;778279,50;24
CCMK26;29/08/2025;72,06;72,08;71,50;71,85;4557060,00;141
CCMK26;28/08/2025;72,35;72,35;71,70;71,73;874836,00;27
CCMK26;27/08/2025;72,18;72,50;71,76;72,15;2108583,00;65
CCMK26;26/08/2025;72,29;72,40;71,67;72,13;2752947,00;85
CCMK26;25/08/2025;72,30;72,30;72,01;72,10;454549,50;14
CCMK26;22/08/2025;72,00;72,70;72,00;72,40;1107927,00;34
CCMK26;21/08/2025;72,04;72,70;71,90;72,35;4421286,00;136
CCMK26;20/08/2025;72,43;72,91;71,56;71,56;1912302,00;59
CCMK26;19/08/2025;71,53;72,89;71,53;72,41;2123793,00;65
CCMK26;18/08/2025;71,50;72,25;71,50;72,25;356454,00;11
CCMK26;15/08/2025;71,90;72,20;71,50;71,95;5106627,00;158
CCMK26;14/08/2025;71,60;71,66;71,31;71,41;3443440,50;107
CCMK26;13/08/2025;72,28;72,28;71,50;71,50;3790669,50;117
CCMK26;12/08/2025;72,75;72,75;72,17;72,17;11950209,00;366
CCMK26;11/08/2025;73,16;73,30;72,80;73,03;5909251,50;180
CCMK26;08/08/2025;73,00;73,35;73,00;73,12;954981,00;29
CCMK26;07/08/2025;72,93;73,25;72,25;72,78;2691148,50;82
CCMK26;06/08/2025;74,55;74,55;73,05;73,27;25094133,00;752
CCMK26;05/08/2025;74,50;74,84;74,08;74,60;34460797,50;1025
CCMK26;04/08/2025;74,61;74,94;74,61;74,90;18876550,50;561
CCMK26;01/08/2025;74,26;74,99;73,78;74,70;2044872,00;61
CCMK26;31/07/2025;74,14;74,50;74,14;74,26;435055,50;13
CCMK26;30/07/2025;74,30;74,70;74,30;74,70;20747470,50;619
CCMK26;29/07/2025;73,97;74,25;73,97;74,25;4828653,00;145
CCMK26;28/07/2025;74,00;74,26;73,99;73,99;15684358,50;471
CCMK26;25/07/2025;74,01;74,20;73,96;73,97;5940616,50;178
CCMK26;24/07/2025;74,08;74,29;74,06;74,15;12204346,50;366
CCMK26;23/07/2025;73,91;74,15;73,85;73,91;14843763,00;446
CCMK26;22/07/2025;73,70;73,93;73,70;73,90;3590325,00;108
CCMK26;21/07/2025;73,75;74,00;73,70;73,70;30074548,50;904
CCMK26;18/07/2025;73,16;73,40;72,78;72,79;3879018,00;118
CCMK26;17/07/2025;72,70;73,37;72,29;73,12;6099529,50;186
CCMK26;16/07/2025;70,21;72,10;70,21;72,10;258696,00;8
CCMK26;15/07/2025;71,60;71,76;71,60;71,76;354573,00;11
CCMK26;10/07/2025;72,28;73,92;71,60;72,00;4627912,50;142
CCMK26;09/07/2025;72,00;72,00;71,50;71,50;4988934,00;154
CCMK26;04/07/2025;72,60;72,69;72,01;72,01;5161729,50;158
CCMK26;03/07/2025;71,25;73,14;71,25;72,50;5240817,00;161
CCMK26;02/07/2025;72,00;72,00;72,00;72,00;4860000,00;150
CCMK26;01/07/2025;71,04;71,14;71,04;71,14;1215675,00;38
CCMK26;18/06/2025;71,88;72,01;71,88;72,01;97096,50;3
CCMK26;17/06/2025;72,00;72,00;72,00;72,00;291600,00;9
CCMK26;16/06/2025;72,00;72,00;72,00;72,00;648000,00;20
CCMK26;13/06/2025;72,97;73,00;72,30;72,50;5546826,00;169
CCMK26;12/06/2025;72,00;72,00;71,95;72,00;1198777,50;37
CCMK26;05/06/2025;70,30;70,30;70,30;70,30;31635,00;1
CCMK26;27/05/2025;70,01;70,04;70,01;70,04;157576,50;5
CCMK26;23/05/2025;69,10;71,00;69,10;70,30;3320379,00;105
CCMK26;22/05/2025;70,00;71,30;68,44;68,44;94383,00;3
CCMK26;20/05/2025;69,10;69,30;69,10;69,30;279967,50;9
CCMK26;19/05/2025;69,45;69,49;68,00;68,00;1590394,50;51
CCMK26;13/05/2025;69,28;69,28;69,28;69,28;1153512,00;37
CCMK26;07/05/2025;70,00;70,00;69,50;69,50;125775,00;4
CCMK26;06/05/2025;70,99;71,00;70,00;70,00;1915110,00;60
CCMK26;23/04/2025;74,25;74,25;74,25;74,25;5680125,00;170
CCMK26;22/04/2025;74,25;74,25;74,25;74,25;5847187,50;175
CCMK26;19/03/2025;74,70;74,70;74,70;74,70;1512675,00;45
