Ativo;Data;Abertura;Máximo;Mínimo;Fechamento;Volume;Quantidade
DOLINDEX;24/08/2026;98,810675;99,023718;98,765293;99,002769;713.996,96;7.221,00000000
DOLINDEX;23/08/2026;98,831417;98,914267;98,792371;98,809322;465.744,48;4.712,00000000
DOLINDEX;22/08/2026;98,831088;98,833960;98,826269;98,831417;234.329,11;2.371,00000000
DOLINDEX;21/08/2026;98,786219;98,910087;98,561386;98,831088;1.476.192,46;14.947,00000000
DOLINDEX;20/08/2026;98,830124;98,933037;98,558036;98,788019;1.592.831,60;16.120,00000000
DOLINDEX;19/08/2026;99,642212;99,691694;98,760952;98,832734;1.601.279,91;16.141,00000000
DOLINDEX;18/08/2026;99,534159;99,692260;99,521868;99,636333;1.605.426,40;16.114,00000000
DOLINDEX;17/08/2026;99,594591;99,647959;99,292014;99,540699;1.605.855,78;16.139,00000000
DOLINDEX;16/08/2026;99,649484;100,136837;99,571892;99,595508;445.002,39;4.464,00000000
DOLINDEX;15/08/2026;99,658173;99,658180;99,641599;99,649484;207.369,17;2.081,00000000
DOLINDEX;14/08/2026;99,920154;99,939216;99,477217;99,658561;1.485.673,38;14.898,00000000
DOLINDEX;13/08/2026;99,945896;100,083608;99,798461;99,921141;1.621.660,17;16.225,00000000
DOLINDEX;12/08/2026;99,808748;100,023727;99,614086;99,949650;1.618.114,76;16.201,00000000
DOLINDEX;11/08/2026;99,770107;99,896778;99,725061;99,805299;1.618.393,60;16.213,00000000
DOLINDEX;10/08/2026;99,633671;99,830924;99,598504;99,770690;1.620.795,37;16.252,00000000
DOLINDEX;09/08/2026;99,607953;99,889797;99,538877;99,641641;444.630,11;4.462,00000000
DOLINDEX;08/08/2026;99,596958;99,607953;99,596794;99,607953;220.120,06;2.210,00000000
DOLINDEX;07/08/2026;99,941707;99,997173;99,404292;99,596958;1.479.771,73;14.831,00000000
DOLINDEX;06/08/2026;99,655589;100,018789;99,633138;99,945657;1.616.672,64;16.196,00000000
DOLINDEX;05/08/2026;99,861125;99,899716;99,629461;99,654905;1.615.138,04;16.190,00000000
DOLINDEX;04/08/2026;100,013127;100,057291;99,830834;99,861355;1.603.082,59;16.039,00000000
DOLINDEX;03/08/2026;99,710785;100,027908;99,420417;100,013163;1.615.891,53;16.186,00000000
DOLINDEX;02/08/2026;99,765081;99,850233;99,552691;99,715107;471.451,47;4.728,00000000
DOLINDEX;01/08/2026;99,764419;99,766410;99,763572;99,765081;234.946,56;2.355,00000000
DOLINDEX;31/07/2026;100,068281;100,458106;99,688229;99,764419;1.500.175,87;14.985,00000000
DOLINDEX;30/07/2026;100,798196;101,071083;99,857203;100,074427;1.629.665,45;16.217,00000000
DOLINDEX;29/07/2026;101,423228;101,494064;100,744059;100,799066;1.633.759,43;16.136,00000000
DOLINDEX;28/07/2026;101,528805;101,639875;101,257743;101,420668;1.642.585,97;16.188,00000000
DOLINDEX;27/07/2026;101,266592;101,545327;101,112410;101,526181;1.639.342,98;16.175,00000000
DOLINDEX;26/07/2026;101,447630;101,461302;101,231329;101,268179;445.179,12;4.392,00000000
DOLINDEX;25/07/2026;101,440858;101,447630;101,439446;101,447630;232.922,73;2.296,00000000
DOLINDEX;24/07/2026;101,456618;101,529195;101,245731;101,440796;1.518.235,29;14.971,00000000
DOLINDEX;23/07/2026;101,114289;101,542073;100,935992;101,452686;1.637.395,63;16.171,00000000
DOLINDEX;22/07/2026;101,174962;101,196791;101,020056;101,115708;1.617.487,24;15.994,00000000
DOLINDEX;21/07/2026;100,954899;101,212341;100,863458;101,163967;1.632.393,24;16.156,00000000
DOLINDEX;20/07/2026;100,840449;101,027737;100,652252;100,956394;1.633.688,55;16.199,00000000
DOLINDEX;19/07/2026;100,775372;100,868355;100,758705;100,841611;450.007,57;4.464,00000000
DOLINDEX;18/07/2026;100,760054;100,780353;100,756831;100,775372;232.680,38;2.309,00000000
DOLINDEX;17/07/2026;100,707599;100,866158;100,648112;100,760054;1.503.752,15;14.924,00000000
DOLINDEX;16/07/2026;100,468000;100,831093;100,435112;100,709849;1.622.814,18;16.129,00000000
DOLINDEX;15/07/2026;100,891297;101,028260;100,354668;100,467202;1.619.001,53;16.071,00000000
DOLINDEX;14/07/2026;101,276211;101,321241;100,592946;100,891948;1.629.183,59;16.127,00000000
DOLINDEX;13/07/2026;101,062221;101,327055;100,792228;101,275796;1.626.658,06;16.088,00000000
DOLINDEX;12/07/2026;100,985350;101,170280;100,973362;101,062506;411.994,38;4.077,00000000
DOLINDEX;11/07/2026;100,968426;100,987984;100,968089;100,985350;231.642,33;2.294,00000000
DOLINDEX;10/07/2026;100,911078;100,996643;100,598493;100,968426;1.511.503,95;14.989,00000000
DOLINDEX;09/07/2026;101,026438;101,037765;100,787311;100,912970;1.635.389,47;16.202,00000000
DOLINDEX;08/07/2026;101,185687;101,274853;100,945408;101,026936;1.635.658,48;16.180,00000000
DOLINDEX;07/07/2026;100,868811;101,194749;100,803871;101,183941;1.632.163,93;16.166,00000000
DOLINDEX;06/07/2026;100,876734;101,146048;100,812695;100,867631;1.633.590,95;16.178,00000000
DOLINDEX;05/07/2026;100,867500;100,903652;100,777513;100,874186;458.873,68;4.550,00000000
DOLINDEX;04/07/2026;100,840608;100,867500;100,839691;100,867500;260.783,27;2.586,00000000
DOLINDEX;03/07/2026;100,973097;100,992591;100,606649;100,840608;1.505.577,47;14.936,00000000
DOLINDEX;02/07/2026;101,406449;101,432420;100,558597;100,973835;1.627.009,80;16.103,00000000
DOLINDEX;01/07/2026;101,240830;101,595346;101,188087;101,405613;1.636.497,25;16.146,00000000
DOLINDEX;30/06/2026;101,151357;101,432240;101,050245;101,241819;1.637.812,86;16.174,00000000
DOLINDEX;29/06/2026;101,363857;101,393074;101,068328;101,145752;1.633.183,70;16.135,00000000
DOLINDEX;28/06/2026;101,338679;101,392556;101,287950;101,365692;468.752,38;4.625,00000000
DOLINDEX;27/06/2026;101,325591;101,342838;101,320622;101,338679;270.771,22;2.672,00000000
DOLINDEX;26/06/2026;101,511674;101,568607;101,048502;101,325591;1.503.753,02;14.841,00000000
DOLINDEX;25/06/2026;101,606126;101,745602;101,304447;101,511485;1.625.646,53;16.016,00000000
DOLINDEX;24/06/2026;101,391091;101,800966;101,368192;101,605427;1.638.368,35;16.130,00000000
DOLINDEX;23/06/2026;101,018767;101,432436;100,948079;101,391880;1.636.692,06;16.169,00000000
DOLINDEX;22/06/2026;100,851077;101,076074;100,760086;101,015101;1.638.026,86;16.229,00000000
DOLINDEX;21/06/2026;100,748471;100,908690;100,703647;100,852688;482.686,22;4.789,00000000
DOLINDEX;20/06/2026;100,725666;100,752493;100,717983;100,748471;263.236,62;2.613,00000000
DOLINDEX;19/06/2026;100,826638;101,125969;100,688131;100,725666;1.515.947,47;15.036,00000000
DOLINDEX;18/06/2026;100,349838;100,919928;100,202975;100,828397;1.626.725,87;16.175,00000000
DOLINDEX;17/06/2026;99,549756;100,573980;99,490577;100,351093;1.612.486,47;16.162,00000000
DOLINDEX;16/06/2026;99,655704;99,792644;99,459588;99,550518;1.598.542,18;16.047,00000000
DOLINDEX;15/06/2026;99,513803;99,714394;99,384257;99,652970;1.596.542,36;16.037,00000000
DOLINDEX;14/06/2026;99,815066;99,866599;99,421681;99,515088;449.037,28;4.504,00000000
DOLINDEX;13/06/2026;99,788741;99,817320;99,787217;99,815066;259.684,68;2.602,00000000
DOLINDEX;12/06/2026;99,729723;99,908701;99,630538;99,789012;1.479.313,89;14.827,00000000
DOLINDEX;11/06/2026;100,053677;100,313428;99,592758;99,733971;1.601.637,53;16.021,00000000
DOLINDEX;10/06/2026;100,017870;100,120782;99,716597;100,053586;1.600.622,54;16.016,00000000
DOLINDEX;09/06/2026;100,051120;100,077538;99,677081;100,015486;1.605.213,87;16.068,00000000
DOLINDEX;08/06/2026;100,086808;100,213899;99,819543;100,049075;1.612.860,98;16.126,00000000
DOLINDEX;07/06/2026;100,052504;100,174616;100,012817;100,084942;472.695,22;4.723,00000000
DOLINDEX;06/06/2026;100,062593;100,062708;100,050242;100,052504;261.445,13;2.613,00000000
DOLINDEX;05/06/2026;99,432440;100,109079;99,163310;100,062593;1.469.304,73;14.752,00000000
DOLINDEX;04/06/2026;99,447420;99,533215;99,177409;99,433023;1.588.920,74;15.987,00000000
DOLINDEX;03/06/2026;99,296948;99,557512;99,188524;99,445631;1.590.268,80;16.000,00000000
DOLINDEX;02/06/2026;99,172252;99,328280;99,043966;99,296015;1.593.921,31;16.073,00000000
DOLINDEX;01/06/2026;99,015198;99,385053;98,919961;99,171166;1.594.518,63;16.088,00000000
DOLINDEX;31/05/2026;98,932550;99,014807;98,921580;99,014023;453.334,94;4.581,00000000
DOLINDEX;30/05/2026;98,935215;98,943938;98,925739;98,932550;259.006,59;2.618,00000000
DOLINDEX;29/05/2026;98,995611;99,185727;98,752683;98,935215;1.474.392,86;14.893,00000000
DOLINDEX;28/05/2026;99,298658;99,544454;98,946476;98,988958;1.561.761,70;15.743,00000000
DOLINDEX;27/05/2026;99,103196;99,305368;98,969453;99,297455;1.590.166,61;16.040,00000000
DOLINDEX;26/05/2026;99,042333;99,251355;99,011211;99,102844;1.590.921,21;16.052,00000000
DOLINDEX;25/05/2026;99,021998;99,107004;98,914589;99,036130;1.596.823,63;16.130,00000000
DOLINDEX;24/05/2026;99,315352;99,315352;98,977229;99,022789;466.544,00;4.705,00000000
DOLINDEX;23/05/2026;99,291636;99,317213;99,289352;99,315352;256.316,33;2.581,00000000
DOLINDEX;22/05/2026;99,193771;99,412715;99,174457;99,290429;1.487.100,07;14.979,00000000
DOLINDEX;21/05/2026;99,138774;99,514439;99,065075;99,195635;1.598.777,29;16.112,00000000
DOLINDEX;20/05/2026;99,308759;99,471549;98,970321;99,140568;1.599.513,94;16.113,00000000
DOLINDEX;19/05/2026;98,988829;99,433941;98,980985;99,308788;1.592.454,75;16.049,00000000
DOLINDEX;18/05/2026;99,355383;99,409402;98,936024;98,990043;1.591.490,47;16.052,00000000
DOLINDEX;17/05/2026;99,255018;99,373290;99,203580;99,365080;435.197,22;4.384,00000000
DOLINDEX;16/05/2026;99,280658;99,283435;99,234548;99,255018;243.884,05;2.457,00000000
DOLINDEX;15/05/2026;98,951941;99,320506;98,936737;99,280658;1.472.560,53;14.849,00000000
DOLINDEX;14/05/2026;98,465370;98,958795;98,417218;98,950444;1.583.607,05;16.055,00000000
DOLINDEX;13/05/2026;98,328529;98,599492;98,260445;98,465063;1.576.800,34;16.017,00000000
DOLINDEX;12/05/2026;97,961275;98,458579;97,961275;98,326254;1.570.052,05;15.980,00000000
DOLINDEX;11/05/2026;98,009202;98,154199;97,848474;97,961221;1.567.589,38;15.999,00000000
DOLINDEX;10/05/2026;97,831098;98,115166;97,764977;98,008666;466.046,09;4.759,00000000
DOLINDEX;09/05/2026;97,808404;97,831957;97,803248;97,831098;262.461,32;2.683,00000000
DOLINDEX;08/05/2026;98,222235;98,277343;97,797394;97,807940;1.441.973,14;14.712,00000000
DOLINDEX;07/05/2026;98,051136;98,283989;97,816338;98,228042;1.575.072,41;16.072,00000000
DOLINDEX;06/05/2026;98,316781;98,342573;97,624680;98,048418;1.573.408,50;16.049,00000000
DOLINDEX;05/05/2026;98,463255;98,579479;98,234305;98,315893;1.583.979,95;16.087,00000000
DOLINDEX;04/05/2026;98,165297;98,535504;97,971701;98,465511;1.584.471,54;16.117,00000000
DOLINDEX;03/05/2026;98,171370;98,177196;97,947236;98,162131;452.946,85;4.617,00000000
DOLINDEX;02/05/2026;98,187410;98,191473;98,128983;98,171370;260.452,92;2.653,00000000
DOLINDEX;01/05/2026;98,143146;98,245201;97,722663;98,187410;1.446.926,45;14.753,00000000
DOLINDEX;30/04/2026;98,848630;99,092645;98,013820;98,143163;1.571.657,18;15.953,00000000
DOLINDEX;29/04/2026;98,592402;99,047344;98,566792;98,856770;1.576.775,74;15.963,00000000
DOLINDEX;28/04/2026;98,459025;98,874930;98,426118;98,591231;1.574.100,64;15.959,00000000
DOLINDEX;27/04/2026;98,637016;98,637016;98,214036;98,462199;1.571.953,05;15.972,00000000
DOLINDEX;26/04/2026;98,503462;98,747754;98,478889;98,641272;465.959,27;4.726,00000000
DOLINDEX;25/04/2026;98,503567;98,515732;98,503134;98,503462;260.941,83;2.649,00000000
DOLINDEX;24/04/2026;98,824817;98,916453;98,485938;98,503567;1.462.419,48;14.817,00000000
DOLINDEX;23/04/2026;98,614964;98,938993;98,528072;98,824252;1.585.397,62;16.062,00000000
DOLINDEX;22/04/2026;98,371248;98,643801;98,211004;98,615881;1.583.298,19;16.084,00000000
DOLINDEX;21/04/2026;98,072608;98,567445;98,067624;98,375747;1.575.886,71;16.038,00000000
DOLINDEX;20/04/2026;98,466629;98,472416;98,000581;98,073819;1.573.728,44;16.027,00000000
DOLINDEX;19/04/2026;98,244093;98,499122;98,154596;98,458330;496.834,98;5.052,00000000
DOLINDEX;18/04/2026;98,234666;98,251293;98,213908;98,244093;225.553,03;2.296,00000000
DOLINDEX;17/04/2026;98,219492;98,289923;97,632847;98,234666;1.497.248,57;15.261,00000000
DOLINDEX;16/04/2026;98,008035;98,292551;97,831940;98,210727;1.572.789,77;16.027,00000000
DOLINDEX;15/04/2026;98,078216;98,283887;97,995741;98,009517;1.574.724,16;16.048,00000000
DOLINDEX;14/04/2026;98,340775;98,414434;97,966697;98,076888;1.572.481,44;16.017,00000000
DOLINDEX;13/04/2026;99,093969;99,134510;98,331820;98,338257;1.582.598,62;16.019,00000000
DOLINDEX;12/04/2026;98,694039;99,186805;98,646156;99,098558;482.201,83;4.874,00000000
DOLINDEX;11/04/2026;98,674984;98,697751;98,667954;98,694039;247.121,24;2.504,00000000
DOLINDEX;10/04/2026;98,883274;99,007310;98,539085;98,674984;1.466.929,85;14.850,00000000
DOLINDEX;09/04/2026;99,062479;99,157152;98,618576;98,875939;1.587.689,64;16.048,00000000
DOLINDEX;08/04/2026;98,927270;99,173910;98,526404;99,064102;1.569.719,23;15.873,00000000
DOLINDEX;07/04/2026;100,008635;100,158085;98,911882;98,923655;1.601.707,85;16.038,00000000
DOLINDEX;06/04/2026;100,264178;100,274581;99,758082;100,006410;1.608.519,03;16.083,00000000
DOLINDEX;05/04/2026;100,156480;100,287198;100,137471;100,262673;442.925,95;4.421,00000000
DOLINDEX;04/04/2026;100,173413;100,178909;100,142384;100,156480;249.223,52;2.488,00000000
DOLINDEX;03/04/2026;99,985500;100,233731;99,944961;100,173413;1.490.476,36;14.894,00000000
DOLINDEX;02/04/2026;99,566048;100,262708;99,441082;99,984830;1.565.083,56;15.649,00000000
DOLINDEX;01/04/2026;99,741738;99,884250;99,294433;99,559567;1.594.792,36;16.015,00000000
DOLINDEX;31/03/2026;100,566471;100,645385;99,722557;99,732257;1.597.129,50;15.936,00000000
DOLINDEX;30/03/2026;100,305093;100,615222;100,049535;100,561663;1.551.218,86;15.461,00000000
DOLINDEX;29/03/2026;100,017517;100,342428;99,948683;100,309997;457.612,62;4.570,00000000
DOLINDEX;28/03/2026;100,013799;100,018449;99,943463;100,017517;257.733,83;2.577,00000000
DOLINDEX;27/03/2026;99,885459;100,209934;99,799338;100,013695;1.519.860,43;15.200,00000000
DOLINDEX;26/03/2026;99,625868;100,010730;99,557862;99,881039;1.602.138,93;16.060,00000000
DOLINDEX;25/03/2026;99,197208;99,667016;99,071240;99,624394;1.597.896,50;16.074,00000000
DOLINDEX;24/03/2026;99,175221;99,623227;99,060611;99,191242;1.596.158,32;16.068,00000000
DOLINDEX;23/03/2026;99,541339;100,148190;98,880943;99,179083;1.591.731,23;16.004,00000000
DOLINDEX;22/03/2026;99,431125;99,723657;99,422572;99,544967;441.373,45;4.434,00000000
DOLINDEX;21/03/2026;99,511046;99,512247;99,422572;99,431125;262.369,17;2.638,00000000
DOLINDEX;20/03/2026;99,282910;99,794711;99,248576;99,511773;1.514.306,14;15.224,00000000
DOLINDEX;19/03/2026;100,214598;100,305613;98,971489;99,282560;1.603.336,75;16.063,00000000
DOLINDEX;18/03/2026;99,552281;100,312966;99,461865;100,212396;1.608.279,26;16.119,00000000
DOLINDEX;17/03/2026;99,858219;100,111442;99,503430;99,547635;1.602.826,04;16.070,00000000
DOLINDEX;16/03/2026;100,343944;100,459771;99,659534;99,857468;1.606.928,18;16.061,00000000
DOLINDEX;15/03/2026;100,331935;100,503315;100,322047;100,344807;447.495,33;4.458,00000000
DOLINDEX;14/03/2026;100,306754;100,331935;100,272697;100,331935;259.725,55;2.589,00000000
DOLINDEX;13/03/2026;99,671959;100,540034;99,582291;100,304771;1.510.939,76;15.098,00000000
DOLINDEX;12/03/2026;99,442357;99,761250;99,250970;99,669216;1.586.356,56;15.939,00000000
DOLINDEX;11/03/2026;98,924790;99,466412;98,693059;99,446707;1.585.834,65;16.012,00000000
DOLINDEX;10/03/2026;98,866621;98,988629;98,492662;98,926463;1.582.535,74;16.023,00000000
DOLINDEX;09/03/2026;99,551976;99,693158;98,658808;98,864875;1.589.146,55;16.014,00000000
DOLINDEX;08/03/2026;98,873851;99,575611;98,873188;99,548148;453.178,57;4.569,00000000
DOLINDEX;07/03/2026;98,848412;98,881946;98,846220;98,873851;228.881,07;2.315,00000000
DOLINDEX;06/03/2026;99,055291;99,434485;98,836086;98,847749;1.514.753,05;15.291,00000000
DOLINDEX;05/03/2026;98,803419;99,410504;98,665838;99,052867;1.590.481,55;16.060,00000000
DOLINDEX;04/03/2026;99,076610;99,326621;98,698874;98,804602;1.583.363,33;16.002,00000000
DOLINDEX;03/03/2026;98,512145;99,682833;98,434467;99,078300;1.582.215,03;15.987,00000000
DOLINDEX;02/03/2026;98,069084;98,752864;97,767403;98,511274;1.570.405,58;15.976,00000000
DOLINDEX;01/03/2026;97,633696;98,080626;97,585634;98,066905;482.920,61;4.936,00000000
DOLINDEX;28/02/2026;97,632792;97,646339;97,627206;97,633696;237.551,65;2.433,00000000
DOLINDEX;27/02/2026;97,727343;97,849660;97,560379;97,631884;1.478.060,04;15.129,00000000
DOLINDEX;26/02/2026;97,629978;97,983324;97,488214;97,732536;1.460.226,65;14.944,00000000
DOLINDEX;25/02/2026;97,884138;98,002848;97,616106;97,629978;1.542.397,39;15.776,00000000
DOLINDEX;24/02/2026;97,692701;97,987744;97,673166;97,886476;1.567.381,07;16.019,00000000
DOLINDEX;23/02/2026;97,387743;97,852924;97,351319;97,694345;1.570.562,99;16.093,00000000
DOLINDEX;22/02/2026;97,786724;97,788844;97,369571;97,376654;372.177,19;3.809,00000000
DOLINDEX;21/02/2026;97,752265;97,791853;97,751018;97,786724;240.050,23;2.455,00000000
DOLINDEX;20/02/2026;97,890536;98,075697;97,588526;97,752002;1.493.800,30;15.262,00000000
DOLINDEX;19/02/2026;97,697836;98,074059;97,571460;97,889960;1.567.848,72;16.033,00000000
DOLINDEX;18/02/2026;97,130828;97,742482;97,101074;97,697884;1.562.198,04;16.041,00000000
DOLINDEX;17/02/2026;97,097706;97,546946;97,066123;97,130384;1.557.619,70;16.027,00000000
DOLINDEX;16/02/2026;96,916165;97,129934;96,903839;97,098542;1.554.984,45;16.028,00000000
DOLINDEX;15/02/2026;96,870889;96,945853;96,845694;96,915795;367.608,09;3.794,00000000
DOLINDEX;14/02/2026;96,883474;96,924837;96,866185;96,870889;243.450,84;2.513,00000000
DOLINDEX;13/02/2026;96,927610;97,154373;96,799099;96,882179;1.470.741,82;15.167,00000000
DOLINDEX;12/02/2026;96,908105;97,072761;96,743146;96,925011;1.550.326,91;16.002,00000000
DOLINDEX;11/02/2026;96,917855;97,269302;96,491904;96,908222;1.547.183,11;15.990,00000000
DOLINDEX;10/02/2026;96,952889;97,006463;96,608350;96,916008;1.552.777,65;16.032,00000000
DOLINDEX;09/02/2026;97,611101;97,654810;96,792002;96,942752;1.555.717,22;16.004,00000000
DOLINDEX;08/02/2026;97,669667;97,762070;97,556323;97,611878;423.050,27;4.331,00000000
DOLINDEX;07/02/2026;97,675976;97,675976;97,669667;97,669667;252.183,26;2.582,00000000
DOLINDEX;06/02/2026;97,955628;98,027448;97,556958;97,675976;1.488.669,33;15.228,00000000
DOLINDEX;05/02/2026;97,677511;97,986618;97,606050;97,957858;1.561.872,48;15.971,00000000
DOLINDEX;04/02/2026;97,408251;97,727999;97,306708;97,681541;1.559.280,61;15.991,00000000
DOLINDEX;03/02/2026;97,544572;97,689964;97,298973;97,401961;1.554.361,48;15.947,00000000
DOLINDEX;02/02/2026;97,228614;97,733209;97,006395;97,541180;1.557.854,86;16.007,00000000
DOLINDEX;01/02/2026;97,126773;97,302864;97,046783;97,227696;397.404,24;4.091,00000000
DOLINDEX;31/01/2026;97,126850;97,126850;97,125270;97,126773;232.035,84;2.389,00000000
DOLINDEX;30/01/2026;96,180111;97,150482;96,136775;97,126850;1.475.924,89;15.265,00000000
DOLINDEX;29/01/2026;96,145242;96,653329;96,016019;96,181420;1.535.900,43;15.960,00000000
DOLINDEX;28/01/2026;95,907559;96,772321;95,857843;96,165958;1.527.833,83;15.874,00000000
DOLINDEX;27/01/2026;97,105551;97,286248;95,529850;95,907434;1.550.977,98;16.047,00000000
DOLINDEX;26/01/2026;97,227759;97,335884;96,806293;97,104592;1.563.195,03;16.100,00000000
DOLINDEX;25/01/2026;97,474495;97,581257;96,938312;97,224422;499.494,32;5.133,00000000
DOLINDEX;24/01/2026;97,487006;97,496692;97,473849;97,474495;248.571,21;2.550,00000000
DOLINDEX;23/01/2026;98,299339;98,481674;97,427110;97,485951;1.495.482,86;15.236,00000000
DOLINDEX;22/01/2026;98,884366;98,887045;98,249173;98,300607;1.583.935,79;16.065,00000000
DOLINDEX;21/01/2026;98,548904;98,889762;98,384173;98,884663;1.569.712,70;15.915,00000000
DOLINDEX;20/01/2026;99,088161;99,145483;98,231175;98,540639;1.586.866,57;16.082,00000000
DOLINDEX;19/01/2026;99,148283;99,301745;98,994771;99,090687;1.593.934,58;16.081,00000000
DOLINDEX;18/01/2026;99,342875;99,543553;99,130196;99,143783;450.599,47;4.533,00000000
DOLINDEX;17/01/2026;99,368610;99,379705;99,340928;99,342875;251.463,65;2.531,00000000
DOLINDEX;16/01/2026;99,346431;99,483552;99,161917;99,368298;1.514.818,05;15.252,00000000
DOLINDEX;15/01/2026;99,078766;99,492043;99,067606;99,345935;1.588.880,94;16.010,00000000
DOLINDEX;14/01/2026;99,188810;99,251135;98,935179;99,076658;1.592.064,07;16.065,00000000
DOLINDEX;13/01/2026;98,870550;99,226924;98,851685;99,176128;1.587.994,88;16.035,00000000
DOLINDEX;12/01/2026;99,232839;99,248304;98,670325;98,877115;1.585.304,01;16.034,00000000
DOLINDEX;11/01/2026;99,139235;99,239879;98,837821;99,232891;398.259,52;4.017,00000000
DOLINDEX;10/01/2026;99,139539;99,140120;99,138587;99,139235;249.335,18;2.515,00000000
DOLINDEX;09/01/2026;98,879190;99,261325;98,874875;99,139539;1.514.498,01;15.291,00000000
DOLINDEX;08/01/2026;98,726971;98,984405;98,678446;98,880306;1.586.856,75;16.060,00000000
DOLINDEX;07/01/2026;98,608202;98,751766;98,489619;98,727017;1.580.506,25;16.028,00000000
DOLINDEX;06/01/2026;98,386084;98,627036;98,156792;98,607997;1.575.778,53;16.011,00000000
DOLINDEX;05/01/2026;98,559071;98,860488;98,243085;98,387846;1.577.527,23;16.007,00000000
DOLINDEX;04/01/2026;98,392944;98,573367;98,373639;98,559502;388.274,83;3.945,00000000
DOLINDEX;03/01/2026;98,398738;98,399002;98,387425;98,392944;242.741,34;2.467,00000000
DOLINDEX;02/01/2026;98,244692;98,495524;98,132361;98,398086;1.495.503,31;15.207,00000000
DOLINDEX;01/01/2026;98,391615;98,391615;98,233753;98,247124;396.412,28;4.031,00000000
DOLINDEX;31/12/2025;98,226452;98,500422;98,176961;98,391615;1.249.085,81;12.705,00000000
DOLINDEX;30/12/2025;98,008340;98,271997;97,936544;98,234977;1.568.125,58;15.987,00000000
DOLINDEX;29/12/2025;98,034076;98,177710;97,913559;98,009939;1.567.623,65;15.989,00000000
DOLINDEX;28/12/2025;98,036407;98,070512;97,969574;98,033305;373.004,31;3.805,00000000
DOLINDEX;27/12/2025;98,045624;98,047057;98,034451;98,036407;252.458,42;2.575,00000000
DOLINDEX;26/12/2025;97,946579;98,133626;97,853740;98,045624;1.496.280,80;15.268,00000000
DOLINDEX;25/12/2025;97,995147;97,995147;97,884186;97,945761;418.012,58;4.267,00000000
DOLINDEX;24/12/2025;97,888247;98,012343;97,744316;97,995147;1.245.495,39;12.724,00000000
DOLINDEX;23/12/2025;98,237539;98,237539;97,848543;97,897115;1.574.925,72;16.068,00000000
DOLINDEX;22/12/2025;98,697955;98,697955;98,196637;98,234570;1.582.748,09;16.078,00000000
DOLINDEX;21/12/2025;98,701641;98,816501;98,613739;98,695262;397.028,22;4.023,00000000
DOLINDEX;20/12/2025;98,696251;98,702944;98,674505;98,701641;251.780,03;2.551,00000000
DOLINDEX;19/12/2025;98,437423;98,749179;98,419390;98,696251;1.501.843,05;15.232,00000000
DOLINDEX;18/12/2025;98,374626;98,562335;98,170700;98,439867;1.574.926,96;16.001,00000000
DOLINDEX;17/12/2025;98,213101;98,639622;98,173359;98,375139;1.552.521,11;15.777,00000000
DOLINDEX;16/12/2025;98,261065;98,319574;97,867742;98,212490;1.571.951,53;16.009,00000000
DOLINDEX;15/12/2025;98,415087;98,477355;98,135152;98,261029;1.583.293,66;16.103,00000000
DOLINDEX;14/12/2025;98,406612;98,652617;98,366431;98,412379;384.615,70;3.907,00000000
DOLINDEX;13/12/2025;98,372917;98,414764;98,358297;98,406612;247.269,62;2.513,00000000
DOLINDEX;12/12/2025;98,333664;98,530479;98,293979;98,372917;1.509.027,33;15.336,00000000
DOLINDEX;11/12/2025;98,584199;98,761999;98,131471;98,330981;1.592.529,68;16.173,00000000
DOLINDEX;10/12/2025;99,214001;99,256616;98,558484;98,582987;1.598.067,62;16.135,00000000
DOLINDEX;09/12/2025;99,070489;99,314487;98,950665;99,213632;1.599.427,37;16.135,00000000
DOLINDEX;08/12/2025;99,011108;99,227838;98,794320;99,069545;1.599.155,41;16.153,00000000
DOLINDEX;07/12/2025;98,978016;99,032657;98,944361;99,013569;399.503,81;4.036,00000000
DOLINDEX;06/12/2025;98,974940;98,980520;98,972013;98,978016;245.659,73;2.482,00000000
DOLINDEX;05/12/2025;99,065680;99,123842;98,804315;98,974940;1.509.302,13;15.248,00000000
DOLINDEX;04/12/2025;98,893810;99,088094;98,758842;99,073118;1.585.383,31;16.024,00000000
DOLINDEX;03/12/2025;99,295894;99,303903;98,814492;98,895328;1.592.182,11;16.076,00000000
DOLINDEX;02/12/2025;99,431108;99,565806;99,287732;99,297434;1.599.851,48;16.091,00000000
DOLINDEX;01/12/2025;99,437762;99,514295;99,011301;99,434461;1.597.294,19;16.079,00000000
DOLINDEX;30/11/2025;99,488932;99,522027;99,404190;99,438298;392.756,64;3.948,00000000
DOLINDEX;29/11/2025;99,490144;99,491438;99,487637;99,488932;254.990,42;2.563,00000000
DOLINDEX;28/11/2025;99,526650;99,818369;99,376167;99,490144;1.524.274,85;15.305,00000000
DOLINDEX;27/11/2025;99,517440;99,708793;99,400759;99,528644;1.610.911,94;16.181,00000000
DOLINDEX;26/11/2025;99,851742;99,958289;99,512944;99,516465;1.606.218,62;16.111,00000000
DOLINDEX;25/11/2025;100,203504;100,262622;99,653620;99,859030;1.611.534,27;16.116,00000000
DOLINDEX;24/11/2025;100,246155;100,297181;100,007971;100,205054;1.618.449,60;16.157,00000000
DOLINDEX;23/11/2025;100,170245;100,258992;100,142540;100,248216;390.912,79;3.901,00000000
DOLINDEX;22/11/2025;100,181964;100,190648;100,157508;100,170245;249.620,47;2.492,00000000
DOLINDEX;21/11/2025;100,170297;100,394752;99,988491;100,181911;1.536.234,50;15.334,00000000
DOLINDEX;20/11/2025;100,096730;100,367485;100,027566;100,169779;1.621.979,22;16.184,00000000
DOLINDEX;19/11/2025;99,594928;100,245136;99,493025;100,091323;1.608.375,76;16.113,00000000
DOLINDEX;18/11/2025;99,546587;99,662123;99,395677;99,593419;1.608.892,30;16.163,00000000
DOLINDEX;17/11/2025;99,319423;99,598915;99,289949;99,540357;1.599.574,18;16.085,00000000
DOLINDEX;16/11/2025;99,286395;99,348705;99,239114;99,319748;385.466,85;3.883,00000000
DOLINDEX;15/11/2025;99,276957;99,288148;99,275154;99,286395;258.231,98;2.601,00000000
DOLINDEX;14/11/2025;99,241915;99,405038;98,993203;99,277501;1.516.686,85;15.283,00000000
DOLINDEX;13/11/2025;99,477512;99,590553;98,989092;99,238484;1.605.850,85;16.171,00000000
DOLINDEX;12/11/2025;99,439007;99,710131;99,418201;99,479536;1.610.235,09;16.178,00000000
DOLINDEX;11/11/2025;99,633575;99,735399;99,284552;99,440462;1.604.754,36;16.123,00000000
DOLINDEX;10/11/2025;99,738013;99,738013;99,454243;99,637800;1.605.526,06;16.118,00000000
DOLINDEX;09/11/2025;99,555340;99,745437;99,515670;99,737478;404.985,88;4.066,00000000
DOLINDEX;08/11/2025;99,555340;99,555340;99,552903;99,555340;269.097,95;2.703,00000000
DOLINDEX;07/11/2025;99,681629;99,872169;99,394936;99,554797;1.525.682,76;15.307,00000000
DOLINDEX;06/11/2025;100,133058;100,155744;99,651464;99,686720;1.614.181,96;16.158,00000000
DOLINDEX;05/11/2025;100,180640;100,362608;100,058629;100,132672;1.612.480,14;16.095,00000000
DOLINDEX;04/11/2025;99,889134;100,255817;99,739683;100,180351;1.607.556,92;16.069,00000000
DOLINDEX;03/11/2025;99,806567;99,988629;99,708010;99,887293;1.608.161,21;16.108,00000000
DOLINDEX;02/11/2025;99,461693;99,818168;99,459761;99,806874;385.927,21;3.874,00000000
DOLINDEX;01/11/2025;99,434341;99,466085;99,432747;99,461693;250.124,85;2.515,00000000
DOLINDEX;31/10/2025;99,475062;99,845143;99,409866;99,434341;1.525.473,94;15.314,00000000
DOLINDEX;30/10/2025;99,135634;99,725676;98,913490;99,474268;1.602.629,32;16.138,00000000
DOLINDEX;29/10/2025;98,660521;99,354598;98,622730;99,135628;1.588.370,50;16.061,00000000
DOLINDEX;28/10/2025;98,765342;98,948930;98,561381;98,661407;1.588.447,60;16.094,00000000
DOLINDEX;27/10/2025;98,922760;98,999326;98,727427;98,766213;1.587.199,84;16.054,00000000
DOLINDEX;26/10/2025;98,954820;99,038880;98,826435;98,923072;460.579,40;4.655,00000000
DOLINDEX;25/10/2025;98,953647;98,954820;98,951764;98,954820;254.511,66;2.572,00000000
DOLINDEX;24/10/2025;98,935635;99,100139;98,726341;98,953647;1.453.205,60;14.682,00000000
DOLINDEX;23/10/2025;98,934503;99,139048;98,895327;98,935150;1.590.849,32;16.068,00000000
DOLINDEX;22/10/2025;98,972088;99,140567;98,783878;98,929056;1.581.159,07;15.982,00000000
DOLINDEX;21/10/2025;98,612153;98,984102;98,499453;98,975384;1.591.766,78;16.105,00000000
DOLINDEX;20/10/2025;98,531170;98,647908;98,381189;98,610694;1.506.043,95;15.285,00000000
DOLINDEX;19/10/2025;98,517685;98,580096;98,402272;98,535131;451.599,84;4.584,00000000
DOLINDEX;18/10/2025;98,502727;98,517713;98,466774;98,517685;261.343,43;2.653,00000000
DOLINDEX;17/10/2025;98,255165;98,554019;98,030219;98,502727;1.467.034,46;14.921,00000000
DOLINDEX;16/10/2025;98,676976;98,702792;98,237580;98,254748;1.587.943,84;16.122,00000000
DOLINDEX;15/10/2025;99,073415;99,077221;98,611459;98,670394;1.593.091,90;16.121,00000000
DOLINDEX;14/10/2025;99,302865;99,475185;98,985620;99,066681;1.598.744,42;16.115,00000000
DOLINDEX;13/10/2025;99,051385;99,348963;98,831354;99,302885;1.596.898,02;16.109,00000000
DOLINDEX;12/10/2025;98,864706;99,131111;98,861131;99,054627;499.776,65;5.051,00000000
DOLINDEX;11/10/2025;98,867772;98,937869;98,856234;98,864706;262.985,09;2.660,00000000
DOLINDEX;10/10/2025;99,385387;99,430871;98,810530;98,867772;1.465.584,03;14.772,00000000
DOLINDEX;09/10/2025;98,852717;99,564942;98,698318;99,387550;1.596.676,70;16.113,00000000
DOLINDEX;08/10/2025;98,638618;99,060867;98,637099;98,850251;1.586.390,61;16.046,00000000
DOLINDEX;07/10/2025;98,120491;98,659589;98,120491;98,631768;1.585.302,21;16.110,00000000
DOLINDEX;06/10/2025;98,110226;98,499711;97,998676;98,123031;1.581.089,45;16.105,00000000
DOLINDEX;05/10/2025;97,745896;98,138737;97,641044;98,115644;508.071,14;5.189,00000000
DOLINDEX;04/10/2025;97,711150;97,745896;97,708086;97,745896;251.448,62;2.573,00000000
DOLINDEX;03/10/2025;97,821408;97,951175;97,602072;97,709876;1.455.212,90;14.881,00000000
DOLINDEX;02/10/2025;97,727348;98,131441;97,522667;97,817676;1.575.743,69;16.118,00000000
DOLINDEX;01/10/2025;97,842502;97,883990;97,460575;97,728116;1.571.920,80;16.087,00000000
DOLINDEX;30/09/2025;97,917774;98,045333;97,630911;97,838800;1.555.476,72;15.900,00000000
DOLINDEX;29/09/2025;98,144978;98,146676;97,773230;97,918299;1.580.317,41;16.135,00000000
DOLINDEX;28/09/2025;98,184218;98,194983;98,108405;98,145256;429.559,33;4.376,00000000
DOLINDEX;27/09/2025;98,173355;98,194783;98,172605;98,184218;247.903,73;2.525,00000000
DOLINDEX;26/09/2025;98,498286;98,531146;98,129427;98,173355;1.463.928,39;14.889,00000000
DOLINDEX;25/09/2025;97,833323;98,604824;97,732532;98,497125;1.576.487,06;16.070,00000000
DOLINDEX;24/09/2025;97,229196;97,920145;97,220337;97,831939;1.571.064,52;16.089,00000000
DOLINDEX;23/09/2025;97,325951;97,458875;97,195104;97,232441;1.566.405,48;16.098,00000000
DOLINDEX;22/09/2025;97,728125;97,822730;97,278682;97,328642;1.575.975,60;16.159,00000000
DOLINDEX;21/09/2025;97,636189;97,731324;97,457634;97,728418;423.696,11;4.341,00000000
DOLINDEX;20/09/2025;97,647369;97,648875;97,627775;97,636189;254.557,50;2.607,00000000
DOLINDEX;19/09/2025;97,341365;97,810541;97,269565;97,647369;1.423.433,53;14.592,00000000
DOLINDEX;18/09/2025;96,950250;97,603239;96,834281;97,344385;1.575.907,65;16.214,00000000
DOLINDEX;17/09/2025;96,612461;97,073199;96,219004;96,953352;1.552.413,46;16.040,00000000
DOLINDEX;16/09/2025;97,349754;97,387408;96,557077;96,618008;1.567.812,14;16.171,00000000
DOLINDEX;15/09/2025;97,663831;97,702210;97,271781;97,346055;1.576.066,35;16.172,00000000
DOLINDEX;14/09/2025;97,639170;97,804438;97,606848;97,662480;424.032,94;4.342,00000000
DOLINDEX;13/09/2025;97,618287;97,640461;97,617645;97,639170;239.874,70;2.457,00000000
DOLINDEX;12/09/2025;97,558644;97,863522;97,489568;97,618242;1.447.755,71;14.826,00000000
DOLINDEX;11/09/2025;97,790592;98,089281;97,471538;97,554715;1.571.641,77;16.081,00000000
DOLINDEX;10/09/2025;97,810597;97,928655;97,592985;97,788904;1.573.885,63;16.097,00000000
DOLINDEX;09/09/2025;97,399969;97,844384;97,252358;97,807746;1.567.512,68;16.072,00000000
DOLINDEX;08/09/2025;97,871602;97,941796;97,350454;97,396331;1.545.281,13;15.825,00000000
DOLINDEX;07/09/2025;97,754304;97,983246;97,749307;97,869863;454.571,67;4.647,00000000
DOLINDEX;06/09/2025;97,725752;97,762158;97,707848;97,754304;243.387,44;2.490,00000000
DOLINDEX;05/09/2025;98,234242;98,256452;97,428938;97,725752;1.462.268,88;14.937,00000000
DOLINDEX;04/09/2025;98,134070;98,439956;98,079531;98,234472;1.585.164,96;16.130,00000000
DOLINDEX;03/09/2025;98,403169;98,634969;98,014499;98,140794;1.576.060,15;16.037,00000000
DOLINDEX;02/09/2025;97,649233;98,593694;97,645648;98,402791;1.586.471,31;16.161,00000000
DOLINDEX;01/09/2025;97,835427;97,873558;97,535533;97,649089;1.574.511,90;16.117,00000000
DOLINDEX;31/08/2025;97,845654;98,812527;97,780926;97,834133;431.471,79;4.403,00000000
DOLINDEX;30/08/2025;97,858667;97,860563;97,842575;97,845654;236.117,10;2.413,00000000
DOLINDEX;29/08/2025;97,884225;98,134272;97,689401;97,858667;1.454.354,27;14.853,00000000
DOLINDEX;28/08/2025;98,121977;98,228077;97,732755;97,883075;1.584.241,76;16.167,00000000
DOLINDEX;27/08/2025;98,268428;98,734799;98,108981;98,123468;1.584.036,10;16.099,00000000
DOLINDEX;26/08/2025;98,471125;98,561140;98,084781;98,267026;1.588.825,39;16.168,00000000
DOLINDEX;25/08/2025;97,849985;98,547751;97,750454;98,470103;1.585.205,80;16.166,00000000
DOLINDEX;24/08/2025;97,736584;98,063148;97,682064;97,840672;432.762,11;4.424,00000000
DOLINDEX;23/08/2025;97,723853;97,736584;97,722568;97,736584;245.886,13;2.516,00000000
DOLINDEX;22/08/2025;98,614059;98,835643;97,554079;97,723335;1.465.080,51;14.897,00000000
DOLINDEX;21/08/2025;98,229542;98,685467;98,186873;98,610273;1.589.957,84;16.154,00000000
DOLINDEX;20/08/2025;98,319210;98,441324;98,073224;98,231461;1.591.951,05;16.201,00000000
DOLINDEX;19/08/2025;98,126490;98,324157;97,933273;98,320498;1.583.787,88;16.135,00000000
DOLINDEX;18/08/2025;97,837142;98,185821;97,808499;98,126105;1.580.313,42;16.124,00000000
DOLINDEX;17/08/2025;97,836167;97,890235;97,762136;97,838509;435.533,40;4.452,00000000
DOLINDEX;16/08/2025;97,838964;97,838964;97,835522;97,836167;241.459,62;2.468,00000000
DOLINDEX;15/08/2025;98,192361;98,215335;97,717916;97,838964;1.469.725,19;15.008,00000000
DOLINDEX;14/08/2025;97,720013;98,321837;97,625928;98,188282;1.588.101,51;16.210,00000000
DOLINDEX;13/08/2025;98,035644;98,130198;97,624122;97,720265;1.584.636,45;16.195,00000000
DOLINDEX;12/08/2025;98,498171;98,621634;97,896345;98,035742;1.594.153,40;16.214,00000000
DOLINDEX;11/08/2025;98,227355;98,670682;98,028644;98,496135;1.595.739,20;16.225,00000000
DOLINDEX;10/08/2025;98,216005;98,295004;98,204370;98,228901;421.727,98;4.293,00000000
DOLINDEX;09/08/2025;98,233326;98,235936;98,214706;98,216005;250.475,37;2.550,00000000
DOLINDEX;08/08/2025;97,972381;98,352834;97,954468;98,233589;1.465.331,61;14.923,00000000
DOLINDEX;07/08/2025;98,185819;98,474089;97,940286;97,978955;1.586.571,55;16.159,00000000
DOLINDEX;06/08/2025;98,736649;98,838133;98,126464;98,178451;1.594.565,95;16.187,00000000
DOLINDEX;05/08/2025;98,628046;99,077861;98,578081;98,736062;1.600.889,86;16.197,00000000
DOLINDEX;04/08/2025;98,658906;98,985028;98,590445;98,629811;1.601.746,92;16.217,00000000
DOLINDEX;03/08/2025;98,677765;98,848864;98,591610;98,659999;433.880,09;4.397,00000000
DOLINDEX;02/08/2025;98,655818;98,775846;98,654945;98,677765;245.490,45;2.487,00000000
DOLINDEX;01/08/2025;100,032645;100,259215;98,606415;98,656282;1.483.340,97;14.898,00000000
DOLINDEX;31/07/2025;99,786973;100,100853;99,522300;100,032159;1.615.186,64;16.174,00000000
DOLINDEX;30/07/2025;98,887512;99,982398;98,703128;99,786677;1.599.797,05;16.124,00000000
DOLINDEX;29/07/2025;98,618048;99,139800;98,582789;98,888790;1.596.153,90;16.148,00000000
DOLINDEX;28/07/2025;97,607489;98,685068;97,489771;98,609317;1.584.492,57;16.139,00000000
DOLINDEX;27/07/2025;97,653623;97,653623;97,491179;97,612350;447.429,40;4.585,00000000
DOLINDEX;26/07/2025;97,642498;97,653623;97,642498;97,653623;241.688,43;2.475,00000000
DOLINDEX;25/07/2025;97,452537;97,905133;97,430644;97,642498;1.455.995,86;14.910,00000000
DOLINDEX;24/07/2025;97,198885;97,555927;97,108030;97,452394;1.568.896,29;16.121,00000000
DOLINDEX;23/07/2025;97,467405;97,606436;97,148786;97,196581;1.568.337,40;16.105,00000000
DOLINDEX;22/07/2025;97,845538;97,991883;97,303042;97,465398;1.532.081,99;15.683,00000000
DOLINDEX;21/07/2025;98,390487;98,508110;97,699935;97,847467;1.576.198,07;16.065,00000000
DOLINDEX;20/07/2025;98,459199;98,476476;98,310391;98,403395;362.230,41;3.680,00000000
DOLINDEX;19/07/2025;98,459199;98,459199;98,459199;98,459199;217.200,99;2.206,00000000
DOLINDEX;18/07/2025;98,501780;98,576789;98,093864;98,459199;1.412.899,67;14.358,00000000
DOLINDEX;17/07/2025;98,340378;98,954925;98,338266;98,505340;1.571.664,67;15.935,00000000
DOLINDEX;16/07/2025;98,579140;98,912309;97,711651;98,342613;1.562.841,70;15.870,00000000
DOLINDEX;15/07/2025;98,115154;98,698078;97,929103;98,583940;1.578.384,38;16.061,00000000
DOLINDEX;14/07/2025;97,882188;98,157944;97,763851;98,117093;1.579.604,78;16.122,00000000
DOLINDEX;13/07/2025;97,868071;98,032514;97,733107;97,891947;333.127,54;3.404,00000000
DOLINDEX;12/07/2025;97,868071;97,868071;97,868071;97,868071;219.224,48;2.240,00000000
DOLINDEX;11/07/2025;97,584087;97,958289;97,565025;97,868071;1.413.273,12;14.449,00000000
DOLINDEX;10/07/2025;97,381596;97,918917;97,267106;97,583031;1.569.847,07;16.097,00000000
DOLINDEX;09/07/2025;97,545099;97,750154;97,371512;97,381373;1.569.082,79;16.081,00000000
DOLINDEX;08/07/2025;97,348898;97,840503;97,178595;97,542888;1.569.379,49;16.103,00000000
DOLINDEX;07/07/2025;96,965580;97,669167;96,890579;97,355371;1.575.667,92;16.192,00000000
DOLINDEX;06/07/2025;96,975855;97,018667;96,943967;96,967156;353.569,03;3.646,00000000
DOLINDEX;05/07/2025;96,975855;96,975855;96,975855;96,975855;235.942,26;2.433,00000000
DOLINDEX;04/07/2025;97,022949;97,111036;96,850981;96,975855;1.413.334,37;14.574,00000000
DOLINDEX;03/07/2025;96,754532;97,421894;96,684332;97,015095;1.573.562,64;16.230,00000000
DOLINDEX;02/07/2025;96,640194;97,153628;96,621465;96,750847;1.579.017,55;16.307,00000000
DOLINDEX;01/07/2025;96,758660;96,950338;96,374099;96,640995;1.571.430,70;16.251,00000000
DOLINDEX;30/06/2025;97,197364;97,318312;96,738016;96,758552;1.585.152,33;16.330,00000000
DOLINDEX;29/06/2025;97,264562;97,535148;97,116512;97,197106;354.000,59;3.637,00000000
DOLINDEX;28/06/2025;97,265208;97,265208;97,264562;97,264562;236.646,21;2.433,00000000
DOLINDEX;27/06/2025;97,364686;97,499315;96,994492;97,265208;1.412.430,00;14.519,00000000
DOLINDEX;26/06/2025;97,501575;97,606359;96,996696;97,370542;1.575.333,51;16.190,00000000
DOLINDEX;25/06/2025;97,957608;98,203036;97,492158;97,504118;1.589.123,15;16.230,00000000
DOLINDEX;24/06/2025;98,236208;98,278334;97,704887;97,953498;1.590.248,06;16.223,00000000
DOLINDEX;23/06/2025;98,915801;99,420979;98,145584;98,235835;1.606.203,10;16.249,00000000
DOLINDEX;22/06/2025;98,751557;99,239085;98,751557;98,918705;379.803,92;3.841,00000000
DOLINDEX;21/06/2025;98,751031;98,751557;98,751031;98,751557;246.581,82;2.497,00000000
DOLINDEX;20/06/2025;98,671126;98,895208;98,529806;98,751031;1.439.550,77;14.590,00000000
DOLINDEX;19/06/2025;98,896085;99,157806;98,663454;98,669206;1.618.109,54;16.355,00000000
DOLINDEX;18/06/2025;98,839580;99,010379;98,468113;98,895142;1.591.079,41;16.119,00000000
DOLINDEX;17/06/2025;98,179724;98,882683;98,014345;98,835924;1.606.739,04;16.333,00000000
DOLINDEX;16/06/2025;98,150833;98,365534;97,683824;98,181435;1.590.476,90;16.218,00000000
DOLINDEX;15/06/2025;98,150833;98,159022;98,150833;98,150833;250.775,40;2.555,00000000
DOLINDEX;14/06/2025;98,150833;98,150833;98,150833;98,150833;251.266,13;2.560,00000000
DOLINDEX;13/06/2025;97,685018;98,584279;97,620772;98,150833;1.436.472,48;14.626,00000000
DOLINDEX;12/06/2025;98,451194;98,520366;97,601253;97,673637;1.591.261,93;16.224,00000000
DOLINDEX;11/06/2025;98,962751;99,224354;98,428462;98,455177;1.610.046,43;16.284,00000000
DOLINDEX;10/06/2025;98,974268;99,389099;98,856306;98,965505;1.610.963,32;16.260,00000000
DOLINDEX;09/06/2025;99,107602;99,223727;98,813604;98,971063;1.617.611,03;16.340,00000000
DOLINDEX;08/06/2025;99,176166;99,211711;99,063525;99,111578;366.676,93;3.698,00000000
DOLINDEX;07/06/2025;99,176166;99,176166;99,176166;99,176166;243.477,49;2.455,00000000
DOLINDEX;06/06/2025;98,685472;99,358104;98,650602;99,176166;1.454.383,28;14.691,00000000
DOLINDEX;05/06/2025;98,799991;98,943978;98,351067;98,678712;1.614.533,94;16.346,00000000
DOLINDEX;04/06/2025;99,163117;99,393729;98,671821;98,798386;1.617.775,43;16.338,00000000
DOLINDEX;03/06/2025;98,588030;99,331341;98,581542;99,164534;1.610.047,91;16.256,00000000
DOLINDEX;02/06/2025;99,359504;99,359504;98,574337;98,588199;1.611.105,37;16.292,00000000
DOLINDEX;01/06/2025;99,430264;99,437980;99,297600;99,359575;374.248,27;3.765,00000000
DOLINDEX;31/05/2025;99,430264;99,430264;99,430264;99,430264;236.644,03;2.380,00000000
DOLINDEX;30/05/2025;99,249139;99,664929;99,127620;99,430264;1.447.971,95;14.561,00000000
DOLINDEX;29/05/2025;100,389229;100,485215;99,216780;99,250898;1.619.087,96;16.228,00000000
DOLINDEX;28/05/2025;99,523600;100,539077;99,431891;100,393409;1.627.230,69;16.311,00000000
DOLINDEX;27/05/2025;98,949927;99,616722;98,777956;99,528211;1.618.330,63;16.297,00000000
DOLINDEX;26/05/2025;99,073987;99,109279;98,694530;98,955337;1.609.768,01;16.269,00000000
DOLINDEX;25/05/2025;99,075651;99,164518;99,020610;99,079764;374.810,70;3.783,00000000
DOLINDEX;24/05/2025;99,073680;99,075651;99,073680;99,075651;230.845,91;2.330,00000000
DOLINDEX;23/05/2025;99,897913;99,939275;99,042779;99,073680;1.452.243,27;14.608,00000000
DOLINDEX;22/05/2025;99,589030;100,119357;99,435626;99,908873;1.627.404,35;16.313,00000000
DOLINDEX;21/05/2025;99,954979;99,970239;99,332552;99,596404;1.621.595,01;16.276,00000000
DOLINDEX;20/05/2025;100,442262;100,581288;99,953012;99,961862;1.633.062,43;16.293,00000000
DOLINDEX;19/05/2025;100,753096;100,889273;100,059095;100,439623;1.634.399,32;16.267,00000000
DOLINDEX;18/05/2025;100,992522;100,992522;100,713662;100,758610;418.115,98;4.144,00000000
DOLINDEX;17/05/2025;100,989862;100,992522;100,989862;100,992522;256.621,99;2.541,00000000
DOLINDEX;16/05/2025;100,776249;101,259450;100,519846;100,989862;1.488.434,55;14.762,00000000
DOLINDEX;15/05/2025;101,011545;101,051268;100,599819;100,772014;1.113.243,26;11.041,00000000
DOLINDEX;14/05/2025;100,985633;101,135501;100,275575;101,017123;285.281,45;2.829,00000000
DOLINDEX;13/05/2025;101,743603;101,743603;100,892463;100,991298;287.046,21;2.832,00000000
DOLINDEX;12/05/2025;100,598604;101,975066;100,515455;101,747107;291.927,73;2.880,00000000
DOLINDEX;11/05/2025;100,416137;100,863504;100,416137;100,579863;254.595,81;2.534,00000000
DOLINDEX;10/05/2025;100,416463;100,416463;100,416137;100,416137;272.329,16;2.712,00000000
DOLINDEX;09/05/2025;100,668988;100,858672;100,093232;100,416463;344.077,46;3.425,00000000
DOLINDEX;08/05/2025;99,881584;100,762920;99,609963;100,682681;310.806,47;3.103,00000000
DOLINDEX;07/05/2025;99,504721;99,967375;99,289968;99,879818;463.035,54;4.652,00000000
DOLINDEX;06/05/2025;99,814966;100,098004;99,175684;99,494298;311.681,03;3.130,00000000
DOLINDEX;05/05/2025;99,873551;99,954483;99,466196;99,813981;328.965,27;3.298,00000000
DOLINDEX;04/05/2025;100,005780;100,040795;99,826550;99,874147;274.505,06;2.745,00000000
DOLINDEX;03/05/2025;100,005636;100,014121;100,003673;100,005780;273.324,92;2.733,00000000
DOLINDEX;02/05/2025;100,151317;100,326470;99,401261;100,005636;497.299,66;4.977,00000000
DOLINDEX;01/05/2025;99,672623;100,375540;99,612458;100,152709;615.915,20;6.161,00000000
DOLINDEX;30/04/2025;99,184265;99,703963;99,141699;99,671512;701.317,84;7.055,00000000
DOLINDEX;29/04/2025;99,032292;99,367279;98,951293;99,184511;791.751,46;7.983,00000000
DOLINDEX;28/04/2025;99,736732;99,835614;98,901127;99,033034;1.088.542,64;10.946,00000000
DOLINDEX;27/04/2025;99,457833;99,760674;99,352256;99,732360;373.826,05;3.754,00000000
DOLINDEX;26/04/2025;99,399080;99,458533;99,389452;99,457833;247.554,48;2.490,00000000
DOLINDEX;25/04/2025;99,425084;99,884862;99,379188;99,396880;1.390.185,11;13.956,00000000
DOLINDEX;24/04/2025;99,784586;99,840661;99,223326;99,425770;1.562.268,39;15.708,00000000
DOLINDEX;23/04/2025;99,565516;99,940719;98,860280;99,781665;1.622.198,31;16.319,00000000
DOLINDEX;22/04/2025;98,349314;99,888665;97,998898;99,560591;1.613.506,53;16.363,00000000
DOLINDEX;21/04/2025;98,819079;98,821209;97,945063;98,348658;1.241.485,33;12.630,00000000
DOLINDEX;20/04/2025;99,385747;99,391760;98,766657;98,767747;174.037,55;1.752,00000000
DOLINDEX;19/04/2025;99,385747;99,385747;99,385747;99,385747;182.969,16;1.841,00000000
DOLINDEX;18/04/2025;99,385747;99,385747;99,385747;99,385747;196.187,46;1.974,00000000
DOLINDEX;17/04/2025;99,260142;99,742079;99,260142;99,385747;521.817,67;5.243,00000000
DOLINDEX;16/04/2025;100,074514;100,094784;99,181648;99,260346;654.805,85;6.577,00000000
DOLINDEX;15/04/2025;99,836534;100,270372;99,506536;100,066684;671.896,03;6.736,00000000
DOLINDEX;14/04/2025;99,927990;100,136543;99,205385;99,832229;665.914,47;6.691,00000000
DOLINDEX;13/04/2025;99,793974;100,176562;99,791772;99,925657;198.356,56;1.987,00000000
DOLINDEX;12/04/2025;99,827824;99,852722;99,791129;99,793974;192.025,04;1.924,00000000
DOLINDEX;11/04/2025;100,526657;100,639613;99,013335;99,827824;672.125,66;6.726,00000000
DOLINDEX;10/04/2025;102,972465;102,987473;100,506535;100,506535;792.440,51;7.753,00000000
DOLINDEX;09/04/2025;102,723635;103,296517;101,844774;103,009313;656.187,21;6.412,00000000
DOLINDEX;08/04/2025;103,417392;103,429790;102,709018;102,725108;605.486,23;5.874,00000000
DOLINDEX;07/04/2025;102,544751;103,529749;102,179794;103,417008;605.589,34;5.891,00000000
DOLINDEX;06/04/2025;102,942482;103,307276;102,468474;102,515307;230.781,66;2.242,00000000
DOLINDEX;05/04/2025;102,926276;102,944492;102,925987;102,942482;228.829,51;2.223,00000000
DOLINDEX;04/04/2025;102,012247;103,171910;101,544900;102,926276;521.395,60;5.097,00000000
DOLINDEX;03/04/2025;103,161805;103,374046;101,283690;101,991531;599.180,63;5.855,00000000
DOLINDEX;02/04/2025;104,186745;104,312879;103,108490;103,178520;660.739,17;6.345,00000000
DOLINDEX;01/04/2025;104,186139;104,361818;104,022069;104,186291;664.494,07;6.378,00000000
DOLINDEX;31/03/2025;103,999594;104,375868;103,745923;104,181316;645.815,92;6.210,00000000
DOLINDEX;30/03/2025;103,791890;104,143632;103,734679;103,999007;244.288,90;2.353,00000000
DOLINDEX;29/03/2025;103,792837;103,813547;103,791233;103,791890;235.193,66;2.266,00000000
DOLINDEX;28/03/2025;104,239782;104,502718;103,791845;103,792837;858.348,13;8.233,00000000
DOLINDEX;27/03/2025;104,649327;104,649327;104,071549;104,239748;1.408.964,30;13.503,00000000
DOLINDEX;26/03/2025;104,232506;104,707077;104,182748;104,647269;1.333.549,03;12.773,00000000
DOLINDEX;25/03/2025;104,308560;104,467019;103,941885;104,230342;1.396.232,35;13.402,00000000
DOLINDEX;24/03/2025;104,033374;104,443486;103,842154;104,306879;1.443.379,55;13.855,00000000
DOLINDEX;23/03/2025;103,868699;104,230925;103,867388;104,032938;446.595,46;4.293,00000000
DOLINDEX;22/03/2025;103,856830;103,884144;103,854524;103,868699;260.283,91;2.506,00000000
DOLINDEX;21/03/2025;103,796059;104,226900;103,756610;103,855520;1.444.668,21;13.892,00000000
DOLINDEX;20/03/2025;103,378795;104,131897;103,315418;103,795894;1.502.609,98;14.484,00000000
DOLINDEX;19/03/2025;103,301930;103,905381;103,254558;103,384122;1.507.487,94;14.562,00000000
DOLINDEX;18/03/2025;103,461602;103,673438;103,191920;103,301657;1.662.945,19;16.083,00000000
DOLINDEX;17/03/2025;103,734426;103,802137;103,298506;103,460933;1.589.892,34;15.354,00000000
DOLINDEX;16/03/2025;103,528934;103,798390;103,518201;103,734209;469.294,66;4.527,00000000
DOLINDEX;15/03/2025;103,495893;103,530366;103,494936;103,528934;281.563,67;2.720,00000000
DOLINDEX;14/03/2025;103,834389;104,091848;103,494936;103,494936;1.512.916,55;14.574,00000000
DOLINDEX;13/03/2025;103,598429;104,080816;103,507812;103,831843;1.644.309,87;15.852,00000000
DOLINDEX;12/03/2025;103,458320;103,783798;103,321985;103,598576;1.651.266,20;15.946,00000000
DOLINDEX;11/03/2025;103,862971;103,923810;103,223031;103,454833;1.699.178,43;16.413,00000000
DOLINDEX;10/03/2025;103,681463;104,066246;103,558097;103,868217;1.713.572,40;16.503,00000000
DOLINDEX;09/03/2025;103,920500;103,938541;103,624088;103,681472;471.911,96;4.544,00000000
DOLINDEX;08/03/2025;103,902285;103,921455;103,902285;103,920500;280.892,05;2.703,00000000
DOLINDEX;07/03/2025;104,202564;104,238004;103,457988;103,901627;1.575.102,45;15.166,00000000
DOLINDEX;06/03/2025;104,297933;104,392994;103,745272;104,200132;1.689.980,82;16.226,00000000
DOLINDEX;05/03/2025;105,566422;105,774976;104,255914;104,305651;1.712.910,06;16.319,00000000
DOLINDEX;04/03/2025;106,551014;106,651841;105,489293;105,573056;1.740.667,22;16.393,00000000
DOLINDEX;03/03/2025;107,317868;107,399085;106,459201;106,550194;1.755.932,87;16.422,00000000
DOLINDEX;02/03/2025;107,551388;107,572477;107,247864;107,312652;478.301,78;4.451,00000000
DOLINDEX;01/03/2025;107,551388;107,551388;107,549761;107,551388;273.825,79;2.546,00000000
DOLINDEX;28/02/2025;107,357496;107,664681;107,184684;107,550035;1.530.685,94;14.254,00000000
DOLINDEX;27/02/2025;106,455678;107,361292;106,455678;107,359296;1.745.227,76;16.331,00000000
DOLINDEX;26/02/2025;106,237663;106,657086;106,151537;106,453400;1.740.926,42;16.356,00000000
DOLINDEX;25/02/2025;106,757420;106,790015;106,183985;106,231262;1.742.740,55;16.365,00000000
DOLINDEX;24/02/2025;106,540458;106,761854;106,120542;106,757925;1.754.091,24;16.471,00000000
DOLINDEX;23/02/2025;106,649691;106,658442;106,380550;106,544250;472.243,13;4.431,00000000
DOLINDEX;22/02/2025;106,622566;106,658442;106,621572;106,649691;286.121,06;2.683,00000000
DOLINDEX;21/02/2025;106,352501;106,744094;106,352321;106,621914;1.659.920,56;15.575,00000000
DOLINDEX;20/02/2025;107,186040;107,192827;106,288807;106,340228;1.755.793,27;16.444,00000000
DOLINDEX;19/02/2025;107,010081;107,384538;106,877611;107,187529;1.744.630,62;16.288,00000000
DOLINDEX;18/02/2025;106,723631;107,123844;106,715473;107,008891;1.753.639,41;16.394,00000000
DOLINDEX;17/02/2025;106,792462;106,899803;106,621594;106,720634;1.758.500,91;16.472,00000000
DOLINDEX;16/02/2025;106,798344;106,868257;106,768070;106,791331;477.113,75;4.467,00000000
DOLINDEX;15/02/2025;106,752840;106,798344;106,751925;106,798344;287.299,31;2.691,00000000
DOLINDEX;14/02/2025;107,094843;107,182111;106,563274;106,752840;1.655.285,33;15.484,00000000
DOLINDEX;13/02/2025;107,917158;107,998141;107,028014;107,100594;1.760.517,53;16.370,00000000
DOLINDEX;12/02/2025;107,927303;108,528812;107,623257;107,919221;1.766.551,59;16.355,00000000
DOLINDEX;11/02/2025;108,371276;108,463337;107,770606;107,927303;1.759.497,20;16.261,00000000
DOLINDEX;10/02/2025;108,308973;108,440973;108,092104;108,370445;1.768.395,19;16.332,00000000
DOLINDEX;09/02/2025;108,085050;108,491609;108,018828;108,309717;469.991,83;4.344,00000000
DOLINDEX;08/02/2025;108,070669;108,088072;108,063959;108,085050;280.356,40;2.594,00000000
DOLINDEX;07/02/2025;107,666610;108,323195;107,496850;108,070669;1.670.206,47;15.487,00000000
DOLINDEX;06/02/2025;107,649676;108,098345;107,533091;107,666483;1.749.237,45;16.228,00000000
DOLINDEX;05/02/2025;108,036123;108,072466;107,292487;107,653760;1.752.988,27;16.282,00000000
DOLINDEX;04/02/2025;108,576976;109,043348;107,917667;108,044934;1.741.155,75;16.061,00000000
DOLINDEX;03/02/2025;109,518588;109,882472;108,329125;108,584638;1.771.779,19;16.216,00000000
DOLINDEX;02/02/2025;108,495483;109,777041;108,468860;109,515048;524.819,33;4.811,00000000
DOLINDEX;01/02/2025;108,495895;108,503538;108,483591;108,495483;279.590,43;2.577,00000000
DOLINDEX;31/01/2025;108,099048;108,569639;107,783549;108,495895;1.690.269,51;15.617,00000000
DOLINDEX;30/01/2025;107,904736;108,247229;107,500303;108,092451;1.776.079,54;16.457,00000000
DOLINDEX;29/01/2025;107,928621;108,297207;107,745518;107,898250;1.775.256,52;16.441,00000000
DOLINDEX;28/01/2025;107,802181;108,060974;107,683820;107,930598;1.762.500,47;16.335,00000000
DOLINDEX;27/01/2025;107,673504;107,864076;106,962641;107,808867;1.726.386,73;16.067,00000000
DOLINDEX;26/01/2025;107,418988;107,694059;107,389669;107,675920;415.399,17;3.864,00000000
DOLINDEX;25/01/2025;107,419142;107,515347;107,412458;107,418988;237.831,73;2.214,00000000
DOLINDEX;24/01/2025;108,152808;108,178579;107,213019;107,419142;897.156,69;8.343,00000000
DOLINDEX;23/01/2025;108,265451;108,505942;107,921911;108,152808;1.037.749,16;9.589,00000000
DOLINDEX;22/01/2025;108,145905;108,299210;107,749661;108,265626;1.158.076,48;10.716,00000000
DOLINDEX;21/01/2025;107,981014;108,796818;107,864662;108,144616;1.252.895,87;11.560,00000000
DOLINDEX;20/01/2025;109,325919;109,348761;107,913834;107,985223;1.006.780,96;9.257,00000000
DOLINDEX;19/01/2025;109,417892;109,475045;109,246118;109,329785;252.466,69;2.308,00000000
DOLINDEX;18/01/2025;109,214310;109,417892;109,211814;109,417892;154.525,22;1.414,00000000
DOLINDEX;17/01/2025;108,975484;109,420859;108,836870;109,214310;860.612,30;7.887,00000000
DOLINDEX;16/01/2025;109,058190;109,358499;108,844511;108,975422;502.919,26;4.611,00000000
DOLINDEX;15/01/2025;109,212084;109,315684;108,611302;109,057786;982.573,23;9.003,00000000
DOLINDEX;14/01/2025;109,419953;109,760625;109,164692;109,208943;1.790.937,45;16.361,00000000
DOLINDEX;13/01/2025;109,672185;110,177591;109,280476;109,422038;1.792.404,25;16.318,00000000
DOLINDEX;12/01/2025;109,576814;109,720997;109,570939;109,671901;454.295,41;4.144,00000000
DOLINDEX;11/01/2025;109,565337;109,576814;109,558577;109,576814;293.766,74;2.681,00000000
DOLINDEX;10/01/2025;109,199765;109,971924;109,072127;109,565337;1.692.438,08;15.473,00000000
DOLINDEX;09/01/2025;109,023342;109,374238;108,938207;109,202889;1.781.856,60;16.329,00000000
DOLINDEX;08/01/2025;108,704173;109,381259;108,549541;109,021758;1.776.260,01;16.309,00000000
DOLINDEX;07/01/2025;108,307707;108,720342;107,845988;108,702002;1.763.288,90;16.279,00000000
DOLINDEX;06/01/2025;108,963936;109,068474;107,748976;108,310219;1.779.202,02;16.400,00000000
DOLINDEX;05/01/2025;108,895923;109,026165;108,893611;108,963265;470.689,98;4.321,00000000
DOLINDEX;04/01/2025;108,889260;108,897539;108,884004;108,895923;294.884,60;2.708,00000000
DOLINDEX;03/01/2025;109,219071;109,238080;108,886231;108,889260;1.704.218,44;15.627,00000000
DOLINDEX;02/01/2025;108,537499;109,564695;108,262528;109,222848;1.788.906,03;16.443,00000000
DOLINDEX;01/01/2025;108,522585;108,546784;108,406907;108,546784;477.309,88;4.399,00000000
DOLINDEX;31/12/2024;108,054403;108,586452;107,864979;108,522585;1.417.584,41;13.112,00000000
DOLINDEX;30/12/2024;107,975514;108,378306;107,736963;108,054405;1.778.357,74;16.461,00000000
DOLINDEX;29/12/2024;108,010720;108,035164;107,932695;107,983918;435.553,79;4.033,00000000
DOLINDEX;28/12/2024;108,026313;108,027676;108,000143;108,010720;280.408,64;2.596,00000000
DOLINDEX;27/12/2024;108,084696;108,203399;107,859718;108,026313;1.688.781,88;15.627,00000000
DOLINDEX;26/12/2024;108,119463;108,304013;108,027540;108,084562;1.782.521,76;16.480,00000000
DOLINDEX;25/12/2024;108,109488;108,210076;107,424066;108,142852;1.342.527,38;12.435,00000000
DOLINDEX;24/12/2024;108,102020;108,298779;107,946393;108,120031;1.754.220,65;16.219,00000000
DOLINDEX;23/12/2024;107,788810;108,280310;107,681231;108,101350;1.781.487,68;16.498,00000000
DOLINDEX;22/12/2024;107,817993;107,879128;107,701378;107,791747;469.007,20;4.351,00000000
DOLINDEX;21/12/2024;107,805733;107,827393;107,803085;107,817993;290.875,38;2.698,00000000
DOLINDEX;20/12/2024;108,435374;108,537292;107,584702;107,805733;1.505.100,05;13.927,00000000
DOLINDEX;19/12/2024;108,261033;108,485229;107,818694;108,434137;1.785.569,53;16.511,00000000
DOLINDEX;18/12/2024;106,941094;108,290304;106,818060;108,265031;1.756.323,35;16.383,00000000
DOLINDEX;17/12/2024;106,797496;107,084842;106,698286;106,939310;1.763.814,30;16.498,00000000
DOLINDEX;16/12/2024;106,876208;107,168207;106,747336;106,800523;1.755.245,52;16.422,00000000
DOLINDEX;15/12/2024;106,958309;107,076555;106,863452;106,874325;463.404,84;4.332,00000000
DOLINDEX;14/12/2024;106,942244;106,973955;106,942071;106,958309;294.883,10;2.757,00000000
DOLINDEX;13/12/2024;106,959622;107,187213;106,716517;106,942244;1.676.226,12;15.664,00000000
DOLINDEX;12/12/2024;106,547853;107,042290;106,353279;106,960440;1.735.278,52;16.266,00000000
DOLINDEX;11/12/2024;106,358741;106,807464;106,264466;106,551055;1.726.804,95;16.207,00000000
DOLINDEX;10/12/2024;106,176359;106,639420;106,031763;106,358992;1.750.045,79;16.460,00000000
DOLINDEX;09/12/2024;105,954543;106,215557;105,804255;106,170066;1.741.787,21;16.425,00000000
DOLINDEX;08/12/2024;105,954650;106,080038;105,944682;105,955209;441.005,42;4.161,00000000
DOLINDEX;07/12/2024;105,919682;105,963123;105,918686;105,954650;276.825,65;2.613,00000000
DOLINDEX;06/12/2024;105,723407;106,161534;105,415697;105,919682;1.648.679,56;15.573,00000000
DOLINDEX;05/12/2024;106,329322;106,376068;105,689651;105,725688;1.717.052,11;16.192,00000000
DOLINDEX;04/12/2024;106,337846;106,720164;106,083011;106,342570;1.754.887,24;16.495,00000000
DOLINDEX;03/12/2024;106,373315;106,601652;106,076417;106,335106;1.749.836,58;16.454,00000000
DOLINDEX;02/12/2024;106,045864;106,731703;106,034566;106,362809;1.749.015,55;16.446,00000000
DOLINDEX;01/12/2024;105,789511;106,135842;105,694448;106,045081;453.798,79;4.288,00000000
DOLINDEX;30/11/2024;105,784198;105,793116;105,773596;105,789511;266.688,72;2.521,00000000
DOLINDEX;29/11/2024;106,080126;106,129227;105,614847;105,784198;1.654.345,90;15.622,00000000
DOLINDEX;28/11/2024;106,112702;106,424592;106,057017;106,080521;1.745.859,74;16.438,00000000
DOLINDEX;27/11/2024;106,841108;106,924528;105,852757;106,109892;1.745.811,42;16.405,00000000
DOLINDEX;26/11/2024;107,349777;107,542944;106,495215;106,842161;846.737,03;7.913,00000000
DOLINDEX;25/11/2024;106,940088;107,318470;106,582798;107,281827;1.567.694,95;14.662,00000000
DOLINDEX;24/11/2024;107,532156;107,532307;106,800059;106,938727;489.618,31;4.566,00000000
DOLINDEX;23/11/2024;107,532304;107,535137;107,497244;107,532156;291.300,49;2.709,00000000
DOLINDEX;22/11/2024;107,068824;108,103118;106,918932;107,532304;1.675.969,70;15.612,00000000
DOLINDEX;21/11/2024;106,606777;107,159156;106,453907;107,066609;1.749.111,85;16.386,00000000
DOLINDEX;20/11/2024;106,100883;106,916763;106,070535;106,611068;1.467.192,55;13.774,00000000
DOLINDEX;19/11/2024;106,218537;106,635002;106,089667;106,095848;1.728.672,24;16.267,00000000
DOLINDEX;18/11/2024;106,727115;106,814708;106,129587;106,230761;1.754.936,99;16.474,00000000
DOLINDEX;17/11/2024;106,657846;106,757847;106,624667;106,736164;453.121,38;4.247,00000000
DOLINDEX;16/11/2024;106,653025;106,664672;106,650721;106,657846;284.463,18;2.667,00000000
DOLINDEX;15/11/2024;106,901953;106,957453;106,329546;106,653025;1.229.318,42;11.528,00000000
DOLINDEX;14/11/2024;106,463760;107,071536;106,378857;106,903802;1.340.653,95;12.566,00000000
DOLINDEX;13/11/2024;105,988972;106,536119;105,725184;106,464686;1.378.019,69;12.978,00000000
DOLINDEX;12/11/2024;105,426425;106,180244;105,424668;105,989918;1.384.481,16;13.086,00000000
DOLINDEX;11/11/2024;105,021249;105,709751;104,931996;105,428271;1.624.156,91;15.418,00000000
DOLINDEX;10/11/2024;104,957356;105,052407;104,956916;105,017147;422.265,48;4.022,00000000
DOLINDEX;09/11/2024;104,934486;104,959752;104,930492;104,957356;236.981,92;2.258,00000000
DOLINDEX;08/11/2024;104,416535;105,207619;104,340122;104,934486;1.485.401,52;14.191,00000000
DOLINDEX;07/11/2024;105,115487;105,254353;104,176238;104,417885;1.511.251,60;14.435,00000000
DOLINDEX;06/11/2024;103,372221;105,443181;103,363039;105,114004;1.527.967,64;14.561,00000000
DOLINDEX;05/11/2024;103,927688;103,959686;103,343018;103,373464;1.675.170,49;16.154,00000000
DOLINDEX;04/11/2024;103,950744;103,958388;103,573823;103,925118;1.665.921,47;16.053,00000000
DOLINDEX;03/11/2024;104,020209;104,231954;103,830857;103,947913;425.780,41;4.094,00000000
DOLINDEX;02/11/2024;104,039158;104,045809;104,013026;104,020209;265.898,53;2.556,00000000
DOLINDEX;01/11/2024;103,884409;104,349722;103,673498;104,039158;1.483.215,27;14.253,00000000
DOLINDEX;31/10/2024;104,096826;104,216996;103,820076;103,885852;1.657.236,92;15.931,00000000
DOLINDEX;30/10/2024;104,251389;104,437051;103,969118;104,098041;1.693.338,50;16.256,00000000
DOLINDEX;29/10/2024;104,261965;104,640243;104,210565;104,253340;1.703.580,66;16.328,00000000
DOLINDEX;28/10/2024;104,379665;104,573628;104,109848;104,261379;1.692.737,77;16.225,00000000
DOLINDEX;27/10/2024;104,290159;104,447385;104,277155;104,387418;396.684,08;3.802,00000000
DOLINDEX;26/10/2024;104,289509;104,290458;104,288527;104,290159;280.018,90;2.685,00000000
DOLINDEX;25/10/2024;104,047102;104,340667;103,931874;104,289509;1.532.027,04;14.715,00000000
DOLINDEX;24/10/2024;104,445180;104,449747;103,999226;104,050771;1.599.646,67;15.351,00000000
DOLINDEX;23/10/2024;104,101642;104,570626;104,091373;104,444177;1.691.652,49;16.212,00000000
DOLINDEX;22/10/2024;103,962541;104,126491;103,812579;104,105102;1.688.658,08;16.239,00000000
DOLINDEX;21/10/2024;103,456153;104,016008;103,430155;103,962153;1.199.108,45;11.557,00000000
DOLINDEX;20/10/2024;103,443846;103,472845;103,443846;103,461020;168.112,23;1.625,00000000
DOLINDEX;19/10/2024;103,443846;103,443846;103,442880;103,443846;259.850,94;2.512,00000000
DOLINDEX;18/10/2024;103,776371;103,787382;103,442880;103,443846;1.528.384,59;14.752,00000000
DOLINDEX;17/10/2024;103,538441;103,874493;103,441726;103,774964;1.662.280,02;16.035,00000000
DOLINDEX;16/10/2024;103,265121;103,608510;103,170689;103,540525;1.664.916,52;16.106,00000000
DOLINDEX;15/10/2024;103,191002;103,347817;103,029057;103,260300;1.689.914,24;16.375,00000000
DOLINDEX;14/10/2024;102,885899;103,362487;102,885899;103,190563;1.606.889,22;15.582,00000000
DOLINDEX;13/10/2024;102,884395;102,885899;102,876103;102,885899;268.417,34;2.609,00000000
DOLINDEX;12/10/2024;102,884961;102,884961;102,882250;102,884395;290.957,22;2.828,00000000
DOLINDEX;11/10/2024;102,890757;102,995173;102,766987;102,884961;1.526.815,88;14.840,00000000
DOLINDEX;10/10/2024;102,883119;103,178866;102,714976;102,891547;1.634.652,81;15.885,00000000
DOLINDEX;09/10/2024;102,502617;102,936264;102,458554;102,878856;1.635.399,84;15.922,00000000
DOLINDEX;08/10/2024;102,485492;102,640840;102,285613;102,496986;1.695.066,43;16.545,00000000
DOLINDEX;07/10/2024;102,530563;102,621282;102,362902;102,483699;1.692.162,95;16.511,00000000
DOLINDEX;06/10/2024;102,457722;102,606430;102,446830;102,530622;472.040,39;4.605,00000000
DOLINDEX;05/10/2024;102,460036;102,461073;102,447267;102,457722;270.795,92;2.643,00000000
DOLINDEX;04/10/2024;101,918582;102,689786;101,805846;102,460036;1.497.730,04;14.658,00000000
DOLINDEX;03/10/2024;101,655394;102,098236;101,643829;101,913303;1.688.543,75;16.574,00000000
DOLINDEX;02/10/2024;101,252542;101,692894;101,152812;101,656785;1.678.742,82;16.553,00000000
DOLINDEX;01/10/2024;100,754873;101,391977;100,695142;101,260326;1.670.854,47;16.535,00000000
DOLINDEX;30/09/2024;100,434908;100,930848;100,171249;100,756102;1.660.922,52;16.526,00000000
DOLINDEX;29/09/2024;100,381617;100,496698;100,367494;100,429455;476.534,31;4.746,00000000
DOLINDEX;28/09/2024;100,381487;100,382512;100,380266;100,381617;269.223,50;2.682,00000000
DOLINDEX;27/09/2024;100,601320;100,884880;100,154017;100,381487;1.537.810,93;15.295,00000000
DOLINDEX;26/09/2024;100,949431;100,955834;100,458212;100,599975;1.664.539,55;16.527,00000000
DOLINDEX;25/09/2024;100,242979;100,990902;100,219558;100,948841;1.665.210,52;16.559,00000000
DOLINDEX;24/09/2024;100,933746;101,049343;100,231329;100,235470;1.661.803,76;16.502,00000000
DOLINDEX;23/09/2024;100,791425;101,230538;100,732484;100,934623;1.669.864,18;16.552,00000000
DOLINDEX;22/09/2024;100,708198;100,785726;100,691355;100,784156;474.810,75;4.714,00000000
DOLINDEX;21/09/2024;100,693846;100,714017;100,673913;100,708198;273.409,47;2.715,00000000
DOLINDEX;20/09/2024;100,679975;101,017146;100,403911;100,693846;1.443.154,52;14.331,00000000
DOLINDEX;19/09/2024;101,018722;101,476089;100,514561;100,680648;1.662.454,19;16.490,00000000
DOLINDEX;18/09/2024;100,916664;101,149027;100,207165;101,019106;1.654.146,22;16.404,00000000
DOLINDEX;17/09/2024;100,710198;101,029220;100,564789;100,910972;1.664.676,76;16.515,00000000
DOLINDEX;16/09/2024;101,025629;101,025629;100,585141;100,710218;1.662.058,23;16.494,00000000
DOLINDEX;15/09/2024;101,086756;101,129019;100,995321;101,026120;458.979,83;4.541,00000000
DOLINDEX;14/09/2024;101,058970;101,088139;101,057559;101,086756;278.564,50;2.756,00000000
DOLINDEX;13/09/2024;101,173803;101,196315;100,878879;101,058970;1.545.870,74;15.298,00000000
DOLINDEX;12/09/2024;101,792550;101,839761;101,159579;101,175473;1.681.958,40;16.556,00000000
DOLINDEX;11/09/2024;101,646833;101,818181;101,260826;101,786818;1.655.892,53;16.303,00000000
DOLINDEX;10/09/2024;101,650725;101,768724;101,541982;101,645360;1.538.586,28;15.137,00000000
DOLINDEX;09/09/2024;101,199674;101,696642;101,166800;101,651117;1.499.645,90;14.777,00000000
DOLINDEX;08/09/2024;101,172904;101,253883;101,135256;101,202993;440.212,63;4.351,00000000
DOLINDEX;07/09/2024;101,173053;101,174722;101,170475;101,172904;213.373,50;2.109,00000000
DOLINDEX;06/09/2024;101,053488;101,398272;100,561720;101,173053;1.392.170,08;13.776,00000000
DOLINDEX;05/09/2024;101,265080;101,374187;100,962093;101,052816;1.627.812,82;16.087,00000000
DOLINDEX;04/09/2024;101,708516;101,779197;101,213635;101,265663;1.678.300,72;16.531,00000000
DOLINDEX;03/09/2024;101,669191;101,917880;101,579724;101,701360;1.652.925,12;16.244,00000000
DOLINDEX;02/09/2024;101,769766;101,800483;101,566492;101,673947;1.680.188,29;16.525,00000000
DOLINDEX;01/09/2024;101,660277;101,771083;101,653910;101,765613;439.278,80;4.319,00000000
DOLINDEX;31/08/2024;101,656043;101,660488;101,653978;101,660277;215.618,92;2.121,00000000
DOLINDEX;30/08/2024;101,359975;101,764275;101,241986;101,656043;1.281.864,75;12.632,00000000
DOLINDEX;29/08/2024;101,022788;101,579259;100,879618;101,363523;1.590.415,18;15.715,00000000
DOLINDEX;28/08/2024;100,605359;101,177613;100,595083;101,022634;1.671.165,28;16.557,00000000
DOLINDEX;27/08/2024;100,852191;100,930765;100,512146;100,609415;1.572.527,52;15.608,00000000
DOLINDEX;26/08/2024;100,660292;100,925988;100,528839;100,843100;1.538.305,34;15.266,00000000
