RTCNI;17/09/2026;69,25;69,25;69,25;69,25;0,00;0
RTCNI;16/09/2026;69,20;69,20;69,20;69,20;0,00;0
RTCNI;15/09/2026;69,39;69,39;69,39;69,39;0,00;0
RTCNI;14/09/2026;69,51;69,51;69,51;69,51;0,00;0
RTCNI;11/09/2026;69,77;69,77;69,77;69,77;0,00;0
RTCNI;10/09/2026;70,19;70,19;70,19;70,19;0,00;0
RTCNI;09/09/2026;70,52;70,52;70,52;70,52;0,00;0
RTCNI;08/09/2026;70,90;70,90;70,90;70,90;0,00;0
RTCNI;04/09/2026;70,93;70,93;70,93;70,93;0,00;0
RTCNI;03/09/2026;71,06;71,06;71,06;71,06;0,00;0
RTCNI;02/09/2026;70,94;70,94;70,94;70,94;0,00;0
RTCNI;01/09/2026;70,96;70,96;70,96;70,96;0,00;0
RTCNI;31/08/2026;70,23;70,23;70,23;70,23;0,00;0
RTCNI;28/08/2026;69,51;69,51;69,51;69,51;0,00;0
RTCNI;27/08/2026;69,05;69,05;69,05;69,05;0,00;0
RTCNI;26/08/2026;68,79;68,79;68,79;68,79;0,00;0
RTCNI;25/08/2026;68,43;68,43;68,43;68,43;0,00;0
RTCNI;24/08/2026;67,90;68,19;67,90;68,19;0,00;0
RTCNI;21/08/2026;67,90;67,90;67,90;67,90;0,00;0
RTCNI;20/08/2026;67,74;67,74;67,74;67,74;0,00;0
RTCNI;19/08/2026;67,39;67,39;67,39;67,39;0,00;0
RTCNI;18/08/2026;67,20;67,20;67,20;67,20;0,00;0
RTCNI;17/08/2026;66,35;66,71;66,35;66,71;0,00;0
RTCNI;14/08/2026;66,35;66,35;66,35;66,35;0,00;0
RTCNI;13/08/2026;66,09;66,09;66,09;66,09;0,00;0
RTCNI;12/08/2026;66,15;66,15;66,15;66,15;0,00;0
RTCNI;11/08/2026;65,65;65,65;65,65;65,65;0,00;0
RTCNI;10/08/2026;65,02;65,63;65,02;65,63;0,00;0
RTCNI;07/08/2026;65,02;65,02;65,02;65,02;0,00;0
RTCNI;06/08/2026;64,84;64,84;64,84;64,84;0,00;0
RTCNI;05/08/2026;64,86;64,86;64,86;64,86;0,00;0
RTCNI;04/08/2026;65,17;65,17;65,17;65,17;0,00;0
RTCNI;03/08/2026;65,25;65,25;65,24;65,24;0,00;0
RTCNI;31/07/2026;65,25;65,25;65,25;65,25;0,00;0
RTCNI;30/07/2026;65,30;65,30;65,30;65,30;0,00;0
RTCNI;29/07/2026;65,33;65,33;65,33;65,33;0,00;0
RTCNI;28/07/2026;65,22;65,22;65,22;65,22;0,00;0
RTCNI;27/07/2026;65,74;65,74;65,47;65,47;0,00;0
RTCNI;24/07/2026;65,74;65,74;65,74;65,74;0,00;0
RTCNI;23/07/2026;65,55;65,55;65,55;65,55;0,00;0
RTCNI;22/07/2026;65,27;65,27;65,27;65,27;0,00;0
RTCNI;21/07/2026;65,29;65,29;65,29;65,29;0,00;0
RTCNI;20/07/2026;64,94;65,22;64,94;65,22;0,00;0
RTCNI;17/07/2026;64,94;64,94;64,94;64,94;0,00;0
RTCNI;16/07/2026;64,87;64,87;64,87;64,87;0,00;0
RTCNI;15/07/2026;64,77;64,77;64,77;64,77;0,00;0
RTCNI;14/07/2026;64,64;64,64;64,64;64,64;0,00;0
RTCNI;13/07/2026;64,51;64,62;64,51;64,62;0,00;0
RTCNI;10/07/2026;64,51;64,51;64,51;64,51;0,00;0
RTCNI;08/07/2026;64,37;64,37;64,37;64,37;0,00;0
RTCNI;07/07/2026;64,31;64,31;64,31;64,31;0,00;0
RTCNI;06/07/2026;64,05;64,05;64,00;64,00;0,00;0
RTCNI;03/07/2026;64,05;64,05;64,05;64,05;0,00;0
RTCNI;02/07/2026;64,13;64,13;64,13;64,13;0,00;0
RTCNI;01/07/2026;63,58;64,02;63,58;64,02;0,00;0
RTCNI;30/06/2026;63,58;63,58;63,58;63,58;0,00;0
RTCNI;29/06/2026;63,45;63,45;63,40;63,40;0,00;0
RTCNI;26/06/2026;63,45;63,45;63,45;63,45;0,00;0
RTCNI;25/06/2026;63,27;63,27;63,27;63,27;0,00;0
RTCNI;24/06/2026;63,09;63,09;63,09;63,09;0,00;0
RTCNI;23/06/2026;63,12;63,12;63,12;63,12;0,00;0
RTCNI;22/06/2026;62,97;63,04;62,97;63,04;0,00;0
RTCNI;19/06/2026;62,97;62,97;62,97;62,97;0,00;0
RTCNI;18/06/2026;62,89;62,89;62,89;62,89;0,00;0
RTCNI;17/06/2026;62,99;62,99;62,99;62,99;0,00;0
RTCNI;16/06/2026;63,05;63,05;63,05;63,05;0,00;0
RTCNI;15/06/2026;64,21;64,21;62,97;62,97;0,00;0
RTCNI;12/06/2026;64,21;64,21;64,21;64,21;0,00;0
RTCNI;11/06/2026;64,03;64,03;64,03;64,03;0,00;0
RTCNI;10/06/2026;64,09;64,09;64,09;64,09;0,00;0
RTCNI;09/06/2026;64,26;64,26;64,26;64,26;0,00;0
RTCNI;08/06/2026;64,50;64,54;64,50;64,54;0,00;0
RTCNI;05/06/2026;64,50;64,50;64,50;64,50;0,00;0
RTCNI;03/06/2026;64,51;64,51;64,51;64,51;0,00;0
RTCNI;02/06/2026;64,54;64,54;64,54;64,54;0,00;0
RTCNI;01/06/2026;64,91;64,91;64,76;64,76;0,00;0
RTCNI;29/05/2026;64,91;64,91;64,91;64,91;0,00;0
RTCNI;28/05/2026;64,90;64,90;64,90;64,90;0,00;0
RTCNI;27/05/2026;65,13;65,13;65,13;65,13;0,00;0
RTCNI;26/05/2026;64,99;64,99;64,99;64,99;0,00;0
RTCNI;25/05/2026;65,47;65,47;65,39;65,39;0,00;0
RTCNI;22/05/2026;65,47;65,47;65,47;65,47;0,00;0
RTCNI;21/05/2026;65,41;65,41;65,41;65,41;0,00;0
RTCNI;20/05/2026;65,34;65,34;65,34;65,34;0,00;0
RTCNI;19/05/2026;65,28;65,28;65,28;65,28;0,00;0
RTCNI;18/05/2026;65,36;65,36;65,32;65,32;0,00;0
RTCNI;15/05/2026;65,36;65,36;65,36;65,36;0,00;0
RTCNI;14/05/2026;65,42;65,42;65,42;65,42;0,00;0
RTCNI;13/05/2026;65,35;65,35;65,35;65,35;0,00;0
RTCNI;12/05/2026;65,51;65,51;65,51;65,51;0,00;0
RTCNI;11/05/2026;65,98;65,98;65,92;65,92;0,00;0
RTCNI;08/05/2026;65,98;65,98;65,98;65,98;0,00;0
RTCNI;07/05/2026;66,07;66,07;66,07;66,07;0,00;0
RTCNI;06/05/2026;66,41;66,41;66,41;66,41;0,00;0
RTCNI;05/05/2026;66,73;66,73;66,73;66,73;0,00;0
RTCNI;04/05/2026;66,91;67,05;66,91;67,05;0,00;0
RTCNI;29/04/2026;66,91;66,91;66,91;66,91;0,00;0
RTCNI;27/04/2026;66,63;66,67;66,63;66,67;0,00;0
RTCNI;24/04/2026;66,63;66,63;66,63;66,63;0,00;0
RTCNI;23/04/2026;66,36;66,36;66,36;66,36;0,00;0
RTCNI;22/04/2026;66,34;66,34;66,34;66,34;0,00;0
RTCNI;20/04/2026;66,81;66,81;66,45;66,45;0,00;0
RTCNI;17/04/2026;66,81;66,81;66,81;66,81;0,00;0
RTCNI;16/04/2026;67,01;67,01;67,01;67,01;0,00;0
RTCNI;15/04/2026;67,48;67,48;67,48;67,48;0,00;0
RTCNI;14/04/2026;67,73;67,73;67,73;67,73;0,00;0
RTCNI;13/04/2026;69,07;69,07;68,78;68,78;0,00;0
RTCNI;10/04/2026;69,07;69,07;69,07;69,07;0,00;0
RTCNI;09/04/2026;69,59;69,59;69,59;69,59;0,00;0
RTCNI;08/04/2026;69,79;69,79;69,79;69,79;0,00;0
RTCNI;07/04/2026;69,58;69,58;69,58;69,58;0,00;0
RTCNI;06/04/2026;69,96;69,96;69,88;69,88;0,00;0
RTCNI;02/04/2026;69,96;69,96;69,96;69,96;0,00;0
RTCNI;01/04/2026;70,32;70,32;70,32;70,32;0,00;0
RTCNI;31/03/2026;70,37;70,37;70,37;70,37;0,00;0
RTCNI;30/03/2026;70,34;70,34;70,29;70,29;0,00;0
RTCNI;27/03/2026;70,34;70,34;70,34;70,34;0,00;0
RTCNI;26/03/2026;70,33;70,33;70,33;70,33;0,00;0
RTCNI;25/03/2026;70,45;70,45;70,45;70,45;0,00;0
RTCNI;24/03/2026;71,01;71,01;71,01;71,01;0,00;0
RTCNI;23/03/2026;71,37;71,37;71,25;71,25;0,00;0
RTCNI;20/03/2026;71,37;71,37;71,37;71,37;0,00;0
RTCNI;19/03/2026;71,63;71,63;71,63;71,63;0,00;0
RTCNI;18/03/2026;71,20;71,20;71,20;71,20;0,00;0
RTCNI;17/03/2026;72,02;72,02;72,02;72,02;0,00;0
RTCNI;16/03/2026;71,98;72,10;71,98;72,10;0,00;0
RTCNI;13/03/2026;71,98;71,98;71,98;71,98;0,00;0
RTCNI;12/03/2026;71,56;71,56;71,56;71,56;0,00;0
RTCNI;11/03/2026;71,09;71,32;71,09;71,32;0,00;0
RTCNI;10/03/2026;71,09;71,09;71,09;71,09;0,00;0
RTCNI;09/03/2026;70,56;70,63;70,56;70,63;0,00;0
RTCNI;06/03/2026;70,56;70,56;70,56;70,56;0,00;0
RTCNI;05/03/2026;70,24;70,24;70,24;70,24;0,00;0
RTCNI;04/03/2026;70,23;70,23;70,23;70,23;0,00;0
RTCNI;03/03/2026;69,98;69,98;69,98;69,98;0,00;0
RTCNI;02/03/2026;69,53;69,75;69,53;69,75;0,00;0
RTCNI;27/02/2026;69,53;69,53;69,53;69,53;0,00;0
RTCNI;25/02/2026;69,28;69,28;69,28;69,28;0,00;0
RTCNI;24/02/2026;69,14;69,14;69,14;69,14;0,00;0
RTCNI;23/02/2026;68,74;69,02;68,74;69,02;0,00;0
RTCNI;20/02/2026;68,74;68,74;68,74;68,74;0,00;0
RTCNI;19/02/2026;68,80;68,80;68,80;68,80;0,00;0
RTCNI;18/02/2026;68,14;68,39;68,14;68,39;0,00;0
RTCNI;13/02/2026;68,14;68,14;68,14;68,14;0,00;0
RTCNI;12/02/2026;67,67;67,67;67,67;67,67;0,00;0
RTCNI;11/02/2026;67,21;67,21;67,21;67,21;0,00;0
RTCNI;10/02/2026;67,06;67,06;67,06;67,06;0,00;0
RTCNI;09/02/2026;66,78;67,09;66,78;67,09;0,00;0
RTCNI;06/02/2026;66,78;66,78;66,78;66,78;0,00;0
RTCNI;05/02/2026;66,49;66,49;66,49;66,49;0,00;0
RTCNI;04/02/2026;66,44;66,44;66,44;66,44;0,00;0
RTCNI;03/02/2026;66,28;66,28;66,28;66,28;0,00;0
RTCNI;02/02/2026;66,10;66,17;66,10;66,17;0,00;0
RTCNI;30/01/2026;66,10;66,10;66,10;66,10;0,00;0
RTCNI;29/01/2026;65,96;65,96;65,96;65,96;0,00;0
RTCNI;28/01/2026;65,87;65,87;65,87;65,87;0,00;0
RTCNI;27/01/2026;66,22;66,22;66,22;66,22;0,00;0
RTCNI;26/01/2026;66,63;66,69;66,63;66,69;0,00;0
RTCNI;23/01/2026;66,63;66,63;66,63;66,63;0,00;0
RTCNI;22/01/2026;66,72;66,72;66,72;66,72;0,00;0
RTCNI;21/01/2026;67,04;67,04;67,04;67,04;0,00;0
RTCNI;20/01/2026;67,46;67,46;67,46;67,46;0,00;0
RTCNI;19/01/2026;68,41;68,41;68,12;68,12;0,00;0
RTCNI;16/01/2026;68,41;68,41;68,41;68,41;0,00;0
RTCNI;15/01/2026;68,37;68,37;68,37;68,37;0,00;0
RTCNI;14/01/2026;68,43;68,43;68,43;68,43;0,00;0
RTCNI;13/01/2026;68,79;68,79;68,79;68,79;0,00;0
RTCNI;12/01/2026;69,02;69,02;68,84;68,84;0,00;0
RTCNI;09/01/2026;69,02;69,02;69,02;69,02;0,00;0
RTCNI;08/01/2026;68,94;68,94;68,94;68,94;0,00;0
RTCNI;07/01/2026;69,00;69,00;69,00;69,00;0,00;0
RTCNI;06/01/2026;69,13;69,13;69,13;69,13;0,00;0
RTCNI;05/01/2026;69,45;69,45;69,38;69,38;0,00;0
RTCNI;02/01/2026;69,45;69,45;69,45;69,45;0,00;0
RTCNI;30/12/2025;69,50;69,50;69,50;69,50;0,00;0
RTCNI;29/12/2025;69,48;69,48;69,46;69,46;0,00;0
RTCNI;26/12/2025;69,48;69,48;69,48;69,48;0,00;0
RTCNI;23/12/2025;69,50;69,50;69,50;69,50;0,00;0
RTCNI;22/12/2025;69,42;69,47;69,42;69,47;0,00;0
RTCNI;19/12/2025;69,42;69,42;69,42;69,42;0,00;0
RTCNI;18/12/2025;69,27;69,27;69,27;69,27;0,00;0
RTCNI;17/12/2025;69,19;69,19;69,19;69,19;0,00;0
RTCNI;16/12/2025;69,56;69,56;69,56;69,56;0,00;0
RTCNI;15/12/2025;69,46;69,71;69,46;69,71;0,00;0
RTCNI;12/12/2025;69,46;69,46;69,46;69,46;0,00;0
RTCNI;11/12/2025;69,62;69,62;69,62;69,62;0,00;0
RTCNI;10/12/2025;69,76;69,76;69,76;69,76;0,00;0
RTCNI;09/12/2025;69,99;69,99;69,99;69,99;0,00;0
RTCNI;08/12/2025;70,30;70,30;70,15;70,15;0,00;0
RTCNI;05/12/2025;70,30;70,30;70,30;70,30;0,00;0
RTCNI;04/12/2025;69,97;69,97;69,97;69,97;0,00;0
RTCNI;03/12/2025;69,91;69,91;69,91;69,91;0,00;0
RTCNI;02/12/2025;69,54;69,54;69,54;69,54;0,00;0
RTCNI;01/12/2025;68,76;69,04;68,76;69,04;0,00;0
RTCNI;28/11/2025;68,76;68,76;68,76;68,76;0,00;0
RTCNI;27/11/2025;68,62;68,62;68,62;68,62;0,00;0
RTCNI;26/11/2025;68,40;68,40;68,40;68,40;0,00;0
RTCNI;25/11/2025;68,24;68,24;68,24;68,24;0,00;0
RTCNI;24/11/2025;67,67;67,82;67,67;67,82;0,00;0
RTCNI;21/11/2025;67,67;67,67;67,67;67,67;0,00;0
RTCNI;19/11/2025;67,64;67,64;67,64;67,64;0,00;0
RTCNI;18/11/2025;67,61;67,61;67,61;67,61;0,00;0
RTCNI;17/11/2025;67,52;67,62;67,52;67,62;0,00;0
RTCNI;14/11/2025;67,52;67,52;67,52;67,52;0,00;0
RTCNI;13/11/2025;67,46;67,46;67,46;67,46;0,00;0
RTCNI;12/11/2025;67,36;67,36;67,36;67,36;0,00;0
RTCNI;11/11/2025;67,34;67,34;67,34;67,34;0,00;0
RTCNI;10/11/2025;67,08;67,31;67,08;67,31;0,00;0
RTCNI;07/11/2025;67,08;67,08;67,08;67,08;0,00;0
RTCNI;06/11/2025;66,85;66,85;66,85;66,85;0,00;0
RTCNI;05/11/2025;66,80;66,80;66,80;66,80;0,00;0
RTCNI;04/11/2025;66,69;66,69;66,69;66,69;0,00;0
RTCNI;03/11/2025;66,15;66,43;66,15;66,43;0,00;0
RTCNI;31/10/2025;66,15;66,15;66,15;66,15;0,00;0
RTCNI;30/10/2025;66,24;66,24;66,24;66,24;0,00;0
RTCNI;29/10/2025;66,03;66,03;66,03;66,03;0,00;0
RTCNI;28/10/2025;65,84;65,84;65,84;65,84;0,00;0
RTCNI;27/10/2025;65,66;65,71;65,66;65,71;0,00;0
RTCNI;24/10/2025;65,66;65,66;65,66;65,66;0,00;0
RTCNI;23/10/2025;65,63;65,63;65,63;65,63;0,00;0
RTCNI;22/10/2025;65,47;65,47;65,47;65,47;0,00;0
RTCNI;21/10/2025;65,61;65,61;65,61;65,61;0,00;0
RTCNI;20/10/2025;65,53;65,53;65,49;65,49;0,00;0
RTCNI;17/10/2025;65,53;65,53;65,53;65,53;0,00;0
RTCNI;16/10/2025;65,12;65,12;65,12;65,12;0,00;0
RTCNI;15/10/2025;64,96;64,96;64,96;64,96;0,00;0
RTCNI;14/10/2025;64,98;64,98;64,98;64,98;0,00;0
RTCNI;13/10/2025;65,21;65,21;65,15;65,15;0,00;0
RTCNI;10/10/2025;65,21;65,21;65,21;65,21;0,00;0
RTCNI;09/10/2025;65,19;65,19;65,19;65,19;0,00;0
RTCNI;08/10/2025;65,30;65,30;65,30;65,30;0,00;0
RTCNI;07/10/2025;65,09;65,09;65,09;65,09;0,00;0
RTCNI;06/10/2025;64,77;64,93;64,77;64,93;0,00;0
RTCNI;03/10/2025;64,77;64,77;64,77;64,77;0,00;0
RTCNI;02/10/2025;64,57;64,57;64,57;64,57;0,00;0
RTCNI;01/10/2025;64,31;64,31;64,31;64,31;0,00;0
RTCNI;30/09/2025;64,26;64,26;64,26;64,26;0,00;0
RTCNI;29/09/2025;64,36;64,36;64,36;64,36;0,00;0
RTCNI;26/09/2025;64,34;64,34;64,34;64,34;0,00;0
RTCNI;25/09/2025;64,36;64,36;64,36;64,36;0,00;0
RTCNI;24/09/2025;64,33;64,33;64,33;64,33;0,00;0
RTCNI;23/09/2025;64,32;64,32;64,32;64,32;0,00;0
RTCNI;22/09/2025;64,75;64,75;64,75;64,75;0,00;0
RTCNI;19/09/2025;65,32;65,32;65,32;65,32;0,00;0
RTCNI;18/09/2025;65,33;65,33;65,33;65,33;0,00;0
RTCNI;17/09/2025;65,36;65,36;65,36;65,36;0,00;0
RTCNI;16/09/2025;65,19;65,19;65,19;65,19;0,00;0
RTCNI;15/09/2025;65,08;65,08;65,08;65,08;0,00;0
RTCNI;12/09/2025;65,03;65,03;65,03;65,03;0,00;0
RTCNI;11/09/2025;64,97;64,97;64,97;64,97;0,00;0
RTCNI;10/09/2025;65,07;65,07;65,07;65,07;0,00;0
RTCNI;09/09/2025;65,15;65,15;65,15;65,15;0,00;0
RTCNI;08/09/2025;64,78;64,82;64,78;64,82;0,00;0
RTCNI;05/09/2025;64,78;64,78;64,78;64,78;0,00;0
RTCNI;04/09/2025;64,70;64,70;64,70;64,70;0,00;0
RTCNI;03/09/2025;64,58;64,58;64,58;64,58;0,00;0
RTCNI;02/09/2025;64,53;64,53;64,53;64,53;0,00;0
RTCNI;01/09/2025;64,29;64,34;64,29;64,34;0,00;0
RTCNI;29/08/2025;64,29;64,29;64,29;64,29;0,00;0
RTCNI;28/08/2025;64,26;64,26;64,26;64,26;0,00;0
RTCNI;27/08/2025;64,49;64,49;64,49;64,49;0,00;0
RTCNI;26/08/2025;64,34;64,34;64,34;64,34;0,00;0
RTCNI;25/08/2025;64,05;64,32;64,05;64,32;0,00;0
RTCNI;22/08/2025;64,05;64,05;64,05;64,05;0,00;0
RTCNI;21/08/2025;64,03;64,03;64,03;64,03;0,00;0
RTCNI;20/08/2025;63,87;63,87;63,87;63,87;0,00;0
RTCNI;19/08/2025;63,83;63,83;63,83;63,83;0,00;0
RTCNI;18/08/2025;63,26;63,33;63,26;63,33;0,00;0
RTCNI;15/08/2025;63,26;63,26;63,26;63,26;0,00;0
RTCNI;14/08/2025;63,37;63,37;63,37;63,37;0,00;0
RTCNI;13/08/2025;63,70;63,70;63,70;63,70;0,00;0
RTCNI;12/08/2025;63,89;63,89;63,89;63,89;0,00;0
RTCNI;11/08/2025;63,61;63,65;63,61;63,65;0,00;0
RTCNI;08/08/2025;63,61;63,61;63,61;63,61;0,00;0
RTCNI;07/08/2025;63,58;63,58;63,58;63,58;0,00;0
RTCNI;06/08/2025;63,67;63,67;63,67;63,67;0,00;0
RTCNI;05/08/2025;64,01;64,01;64,01;64,01;0,00;0
RTCNI;04/08/2025;63,71;64,00;63,71;64,00;0,00;0
RTCNI;01/08/2025;63,71;63,71;63,71;63,71;0,00;0
RTCNI;31/07/2025;63,54;63,54;63,54;63,54;0,00;0
RTCNI;30/07/2025;63,51;63,51;63,51;63,51;0,00;0
RTCNI;29/07/2025;63,64;63,64;63,64;63,64;0,00;0
RTCNI;28/07/2025;63,74;63,74;63,70;63,70;0,00;0
RTCNI;25/07/2025;63,74;63,74;63,74;63,74;0,00;0
RTCNI;24/07/2025;64,11;64,11;64,11;64,11;0,00;0
RTCNI;23/07/2025;64,00;64,00;64,00;64,00;0,00;0
RTCNI;22/07/2025;64,02;64,02;64,02;64,02;0,00;0
RTCNI;21/07/2025;63,39;63,56;63,39;63,56;0,00;0
RTCNI;18/07/2025;63,39;63,39;63,39;63,39;0,00;0
RTCNI;17/07/2025;62,93;62,93;62,93;62,93;0,00;0
RTCNI;16/07/2025;62,84;62,84;62,84;62,84;0,00;0
RTCNI;15/07/2025;62,78;62,78;62,78;62,78;0,00;0
RTCNI;14/07/2025;62,91;62,91;62,73;62,73;0,00;0
RTCNI;11/07/2025;62,91;62,91;62,91;62,91;0,00;0
RTCNI;10/07/2025;62,98;62,98;62,98;62,98;0,00;0
RTCNI;09/07/2025;63,19;63,19;63,19;63,19;0,00;0
RTCNI;08/07/2025;63,35;63,35;63,35;63,35;0,00;0
RTCNI;07/07/2025;64,05;64,05;63,44;63,44;0,00;0
RTCNI;04/07/2025;64,05;64,05;64,05;64,05;0,00;0
RTCNI;03/07/2025;64,15;64,15;64,15;64,15;0,00;0
RTCNI;02/07/2025;65,25;65,25;65,25;65,25;0,00;0
RTCNI;01/07/2025;65,68;65,68;65,68;65,68;0,00;0
RTCNI;30/06/2025;67,65;67,65;67,02;67,02;0,00;0
RTCNI;27/06/2025;67,65;67,65;67,65;67,65;0,00;0
RTCNI;26/06/2025;67,58;67,58;67,58;67,58;0,00;0
RTCNI;25/06/2025;68,04;68,04;68,04;68,04;0,00;0
RTCNI;24/06/2025;68,27;68,27;68,27;68,27;0,00;0
RTCNI;23/06/2025;68,11;68,43;68,11;68,43;0,00;0
RTCNI;20/06/2025;68,11;68,11;68,11;68,11;0,00;0
RTCNI;18/06/2025;68,07;68,07;68,07;68,07;0,00;0
RTCNI;17/06/2025;67,36;67,36;67,36;67,36;0,00;0
RTCNI;16/06/2025;67,61;67,61;67,50;67,50;0,00;0
RTCNI;13/06/2025;67,61;67,61;67,61;67,61;0,00;0
RTCNI;12/06/2025;67,64;67,64;67,64;67,64;0,00;0
RTCNI;11/06/2025;67,97;67,97;67,97;67,97;0,00;0
RTCNI;10/06/2025;67,73;67,73;67,73;67,73;0,00;0
RTCNI;09/06/2025;69,53;69,53;68,79;68,79;0,00;0
RTCNI;06/06/2025;69,53;69,53;69,53;69,53;0,00;0
RTCNI;05/06/2025;68,96;68,96;68,96;68,96;0,00;0
RTCNI;04/06/2025;69,02;69,02;69,02;69,02;0,00;0
RTCNI;03/06/2025;68,89;68,89;68,89;68,89;0,00;0
RTCNI;02/06/2025;68,95;68,95;68,85;68,85;0,00;0
RTCNI;30/05/2025;68,95;68,95;68,95;68,95;0,00;0
RTCNI;29/05/2025;69,17;69,17;69,17;69,17;0,00;0
RTCNI;28/05/2025;69,42;69,42;69,42;69,42;0,00;0
RTCNI;27/05/2025;70,82;70,82;70,82;70,82;0,00;0
RTCNI;26/05/2025;71,13;71,24;71,13;71,24;0,00;0
RTCNI;23/05/2025;71,13;71,13;71,13;71,13;0,00;0
RTCNI;22/05/2025;71,22;71,22;71,22;71,22;0,00;0
RTCNI;21/05/2025;72,03;72,03;72,03;72,03;0,00;0
RTCNI;20/05/2025;72,59;72,59;72,59;72,59;0,00;0
RTCNI;19/05/2025;72,93;72,93;72,68;72,68;0,00;0
RTCNI;16/05/2025;72,93;72,93;72,93;72,93;0,00;0
RTCNI;15/05/2025;73,07;73,07;73,07;73,07;0,00;0
RTCNI;14/05/2025;73,12;73,12;73,12;73,12;0,00;0
RTCNI;13/05/2025;73,57;73,57;73,57;73,57;0,00;0
RTCNI;12/05/2025;75,07;75,07;74,34;74,34;0,00;0
RTCNI;09/05/2025;75,07;75,07;75,07;75,07;0,00;0
RTCNI;08/05/2025;75,93;75,93;75,93;75,93;0,00;0
RTCNI;07/05/2025;76,38;76,38;76,38;76,38;0,00;0
RTCNI;06/05/2025;77,61;77,61;77,61;77,61;0,00;0
RTCNI;05/05/2025;79,07;79,07;79,05;79,05;0,00;0
RTCNI;02/05/2025;79,07;79,07;79,07;79,07;0,00;0
RTCNI;30/04/2025;80,13;80,13;80,13;80,13;0,00;0
RTCNI;29/04/2025;80,37;80,37;80,37;80,37;0,00;0
RTCNI;28/04/2025;80,54;80,54;80,49;80,49;0,00;0
RTCNI;25/04/2025;80,54;80,54;80,54;80,54;0,00;0
RTCNI;24/04/2025;81,60;81,60;81,60;81,60;0,00;0
RTCNI;23/04/2025;81,97;81,97;81,97;81,97;0,00;0
RTCNI;22/04/2025;83,49;83,49;82,57;82,57;0,00;0
RTCNI;17/04/2025;83,49;83,49;83,49;83,49;0,00;0
RTCNI;16/04/2025;83,78;83,78;83,78;83,78;0,00;0
RTCNI;15/04/2025;84,71;84,71;84,71;84,71;0,00;0
RTCNI;14/04/2025;84,98;85,30;84,98;85,30;0,00;0
RTCNI;11/04/2025;84,98;84,98;84,98;84,98;0,00;0
RTCNI;10/04/2025;85,57;85,57;85,57;85,57;0,00;0
RTCNI;09/04/2025;85,72;85,72;85,72;85,72;0,00;0
RTCNI;08/04/2025;85,25;85,25;85,25;85,25;0,00;0
RTCNI;07/04/2025;84,63;84,83;84,63;84,83;0,00;0
RTCNI;04/04/2025;84,63;84,63;84,63;84,63;0,00;0
RTCNI;03/04/2025;84,82;84,82;84,82;84,82;0,00;0
RTCNI;02/04/2025;85,97;85,97;85,97;85,97;0,00;0
RTCNI;01/04/2025;86,62;86,62;86,62;86,62;0,00;0
RTCNI;31/03/2025;87,87;87,87;87,71;87,71;0,00;0
RTCNI;28/03/2025;87,87;87,87;87,87;87,87;0,00;0
RTCNI;27/03/2025;87,92;87,92;87,92;87,92;0,00;0
RTCNI;26/03/2025;88,94;88,94;88,94;88,94;0,00;0
RTCNI;25/03/2025;89,12;89,12;89,12;89,12;0,00;0
RTCNI;24/03/2025;90,14;90,14;89,74;89,74;0,00;0
RTCNI;21/03/2025;90,14;90,14;90,14;90,14;0,00;0
RTCNI;20/03/2025;90,08;90,08;90,08;90,08;0,00;0
RTCNI;19/03/2025;90,18;90,18;90,18;90,18;0,00;0
RTCNI;18/03/2025;90,33;90,33;90,33;90,33;0,00;0
RTCNI;17/03/2025;89,83;90,26;89,83;90,26;0,00;0
RTCNI;14/03/2025;89,83;89,83;89,83;89,83;0,00;0
RTCNI;13/03/2025;89,88;89,88;89,88;89,88;0,00;0
RTCNI;12/03/2025;89,39;89,39;89,39;89,39;0,00;0
RTCNI;11/03/2025;89,08;89,08;89,08;89,08;0,00;0
RTCNI;10/03/2025;88,71;88,71;88,52;88,52;0,00;0
RTCNI;07/03/2025;88,71;88,71;88,71;88,71;0,00;0
RTCNI;06/03/2025;87,85;87,85;87,85;87,85;0,00;0
RTCNI;05/03/2025;87,49;87,67;87,49;87,67;0,00;0
RTCNI;28/02/2025;87,49;87,49;87,49;87,49;0,00;0
RTCNI;27/02/2025;87,68;87,68;87,68;87,68;0,00;0
RTCNI;26/02/2025;87,18;87,18;87,18;87,18;0,00;0
RTCNI;25/02/2025;86,67;86,67;86,67;86,67;0,00;0
RTCNI;24/02/2025;84,19;84,85;84,19;84,85;0,00;0
RTCNI;21/02/2025;84,19;84,19;84,19;84,19;0,00;0
RTCNI;20/02/2025;83,62;83,62;83,62;83,62;0,00;0
RTCNI;19/02/2025;81,26;81,26;81,26;81,26;0,00;0
RTCNI;18/02/2025;78,91;78,91;78,91;78,91;0,00;0
RTCNI;17/02/2025;79,86;79,86;79,62;79,62;0,00;0
RTCNI;14/02/2025;79,86;79,86;79,86;79,86;0,00;0
RTCNI;13/02/2025;79,12;79,12;79,12;79,12;0,00;0
RTCNI;12/02/2025;79,00;79,00;79,00;79,00;0,00;0
RTCNI;11/02/2025;77,96;77,96;77,96;77,96;0,00;0
RTCNI;10/02/2025;77,24;77,26;77,24;77,26;0,00;0
RTCNI;07/02/2025;77,24;77,24;77,24;77,24;0,00;0
RTCNI;06/02/2025;76,42;76,42;76,42;76,42;0,00;0
RTCNI;05/02/2025;76,04;76,04;76,04;76,04;0,00;0
RTCNI;04/02/2025;75,60;75,60;75,60;75,60;0,00;0
RTCNI;03/02/2025;74,99;75,32;74,99;75,32;0,00;0
RTCNI;31/01/2025;74,99;74,99;74,99;74,99;0,00;0
RTCNI;30/01/2025;74,79;74,79;74,79;74,79;0,00;0
RTCNI;29/01/2025;74,49;74,49;74,49;74,49;0,00;0
RTCNI;28/01/2025;74,05;74,05;74,05;74,05;0,00;0
RTCNI;27/01/2025;73,86;74,04;73,86;74,04;0,00;0
RTCNI;24/01/2025;73,86;73,86;73,86;73,86;0,00;0
RTCNI;23/01/2025;73,88;73,88;73,88;73,88;0,00;0
RTCNI;22/01/2025;74,10;74,10;74,10;74,10;0,00;0
RTCNI;21/01/2025;74,02;74,02;74,02;74,02;0,00;0
RTCNI;20/01/2025;74,25;74,25;73,85;73,85;0,00;0
RTCNI;17/01/2025;74,25;74,25;74,25;74,25;0,00;0
RTCNI;16/01/2025;74,42;74,42;74,42;74,42;0,00;0
RTCNI;15/01/2025;74,97;74,97;74,97;74,97;0,00;0
RTCNI;14/01/2025;74,69;74,69;74,69;74,69;0,00;0
RTCNI;13/01/2025;74,91;74,92;74,91;74,92;0,00;0
RTCNI;10/01/2025;74,91;74,91;74,91;74,91;0,00;0
RTCNI;09/01/2025;74,32;74,32;74,32;74,32;0,00;0
RTCNI;08/01/2025;74,23;74,23;74,23;74,23;0,00;0
RTCNI;07/01/2025;73,98;73,98;73,98;73,98;0,00;0
RTCNI;06/01/2025;72,99;73,14;72,99;73,14;0,00;0
RTCNI;03/01/2025;72,99;72,99;72,99;72,99;0,00;0
RTCNI;02/01/2025;72,94;72,94;72,94;72,94;0,00;0
RTCNI;30/12/2024;72,65;72,69;72,65;72,69;0,00;0
RTCNI;27/12/2024;72,65;72,65;72,65;72,65;0,00;0
RTCNI;26/12/2024;72,69;72,69;72,69;72,69;0,00;0
RTCNI;23/12/2024;72,73;72,84;72,73;72,84;0,00;0
RTCNI;20/12/2024;72,73;72,73;72,73;72,73;0,00;0
RTCNI;19/12/2024;72,45;72,45;72,45;72,45;0,00;0
RTCNI;18/12/2024;72,74;72,74;72,74;72,74;0,00;0
RTCNI;17/12/2024;72,73;72,73;72,73;72,73;0,00;0
RTCNI;16/12/2024;72,93;72,93;72,89;72,89;0,00;0
RTCNI;13/12/2024;72,93;72,93;72,93;72,93;0,00;0
RTCNI;12/12/2024;73,25;73,25;73,25;73,25;0,00;0
RTCNI;11/12/2024;73,67;73,67;73,67;73,67;0,00;0
RTCNI;10/12/2024;73,62;73,62;73,62;73,62;0,00;0
RTCNI;09/12/2024;73,20;73,54;73,20;73,54;0,00;0
RTCNI;06/12/2024;73,20;73,20;73,20;73,20;0,00;0
RTCNI;05/12/2024;73,09;73,09;73,09;73,09;0,00;0
RTCNI;04/12/2024;72,47;72,47;72,47;72,47;0,00;0
RTCNI;03/12/2024;72,57;72,57;72,57;72,57;0,00;0
RTCNI;02/12/2024;72,77;72,77;72,69;72,69;0,00;0
RTCNI;29/11/2024;72,77;72,77;72,77;72,77;0,00;0
RTCNI;28/11/2024;72,46;72,46;72,46;72,46;0,00;0
RTCNI;27/11/2024;72,51;72,51;72,51;72,51;0,00;0
RTCNI;26/11/2024;73,12;73,12;73,12;73,12;0,00;0
RTCNI;25/11/2024;73,41;73,48;73,41;73,48;0,00;0
RTCNI;22/11/2024;73,41;73,41;73,41;73,41;0,00;0
RTCNI;21/11/2024;73,46;73,46;73,46;73,46;0,00;0
RTCNI;19/11/2024;73,55;73,55;73,55;73,55;0,00;0
RTCNI;18/11/2024;74,67;74,67;74,66;74,66;0,00;0
RTCNI;14/11/2024;74,67;74,67;74,67;74,67;0,00;0
RTCNI;13/11/2024;74,45;74,45;74,45;74,45;0,00;0
RTCNI;12/11/2024;74,37;74,37;74,37;74,37;0,00;0
RTCNI;11/11/2024;74,64;74,64;74,55;74,55;0,00;0
RTCNI;08/11/2024;74,64;74,64;74,64;74,64;0,00;0
RTCNI;07/11/2024;74,41;74,41;74,41;74,41;0,00;0
RTCNI;06/11/2024;74,21;74,21;74,21;74,21;0,00;0
RTCNI;05/11/2024;73,07;73,07;73,07;73,07;0,00;0
RTCNI;04/11/2024;73,11;73,11;72,93;72,93;0,00;0
RTCNI;01/11/2024;73,11;73,11;73,11;73,11;0,00;0
RTCNI;31/10/2024;72,94;72,94;72,94;72,94;0,00;0
RTCNI;30/10/2024;72,67;72,67;72,67;72,67;0,00;0
RTCNI;29/10/2024;72,37;72,37;72,37;72,37;0,00;0
RTCNI;28/10/2024;71,67;72,17;71,67;72,17;0,00;0
RTCNI;25/10/2024;71,67;71,67;71,67;71,67;0,00;0
RTCNI;24/10/2024;71,36;71,36;71,36;71,36;0,00;0
RTCNI;23/10/2024;70,59;70,59;70,59;70,59;0,00;0
RTCNI;22/10/2024;69,94;69,94;69,94;69,94;0,00;0
RTCNI;21/10/2024;68,77;69,76;68,77;69,76;0,00;0
RTCNI;18/10/2024;68,77;68,77;68,77;68,77;0,00;0
RTCNI;17/10/2024;68,42;68,42;68,42;68,42;0,00;0
RTCNI;16/10/2024;68,44;68,44;68,44;68,44;0,00;0
RTCNI;15/10/2024;67,96;67,96;67,96;67,96;0,00;0
RTCNI;14/10/2024;67,75;67,81;67,75;67,81;0,00;0
RTCNI;11/10/2024;67,75;67,75;67,75;67,75;0,00;0
RTCNI;10/10/2024;67,69;67,69;67,69;67,69;0,00;0
RTCNI;09/10/2024;67,07;67,07;67,07;67,07;0,00;0
RTCNI;08/10/2024;66,21;66,21;66,21;66,21;0,00;0
RTCNI;07/10/2024;66,21;66,21;66,05;66,05;0,00;0
RTCNI;04/10/2024;66,21;66,21;66,21;66,21;0,00;0
RTCNI;03/10/2024;65,71;65,71;65,71;65,71;0,00;0
RTCNI;02/10/2024;65,52;65,52;65,52;65,52;0,00;0
RTCNI;01/10/2024;65,04;65,04;65,04;65,04;0,00;0
RTCNI;30/09/2024;63,88;64,30;63,88;64,30;0,00;0
RTCNI;27/09/2024;63,88;63,88;63,88;63,88;0,00;0
RTCNI;26/09/2024;63,57;63,57;63,57;63,57;0,00;0
RTCNI;25/09/2024;63,34;63,34;63,34;63,34;0,00;0
RTCNI;24/09/2024;63,24;63,24;63,24;63,24;0,00;0
RTCNI;23/09/2024;62,20;62,69;62,20;62,69;0,00;0
RTCNI;20/09/2024;62,20;62,20;62,20;62,20;0,00;0
RTCNI;19/09/2024;62,31;62,31;62,31;62,31;0,00;0
RTCNI;18/09/2024;62,34;62,34;62,34;62,34;0,00;0
RTCNI;17/09/2024;62,02;62,02;62,02;62,02;0,00;0
