CCMN26;15/07/2026;64,56;64,70;64,52;64,61;36136363,50;1243
CCMN26;14/07/2026;64,74;64,87;64,48;64,48;45891747,00;1578
CCMN26;13/07/2026;64,75;64,95;64,70;64,73;17182822,50;589
CCMN26;10/07/2026;64,70;64,88;64,54;64,72;24544467,00;842
CCMN26;09/07/2026;64,90;64,99;64,74;64,75;11408926,50;391
CCMN26;08/07/2026;64,88;65,37;64,85;64,85;34372107,00;1173
CCMN26;07/07/2026;65,02;65,08;64,58;64,96;51062778,00;1749
CCMN26;06/07/2026;64,46;65,00;64,40;64,91;41778148,50;1433
CCMN26;03/07/2026;64,71;64,87;64,37;64,40;36833310,00;1267
CCMN26;02/07/2026;64,90;65,29;64,80;64,82;59457478,50;2030
CCMN26;01/07/2026;64,72;65,30;64,67;64,90;57240828,00;1960
CCMN26;30/06/2026;64,56;64,98;64,41;64,75;46617529,50;1600
CCMN26;29/06/2026;64,24;65,15;64,23;64,61;47490556,50;1632
CCMN26;26/06/2026;64,42;64,62;64,15;64,29;46688539,50;1611
CCMN26;25/06/2026;64,15;64,64;63,88;64,56;88277301,00;3055
CCMN26;24/06/2026;63,95;64,15;63,79;64,14;93969567,00;3263
CCMN26;23/06/2026;63,70;63,97;63,58;63,85;43560445,50;1518
CCMN26;22/06/2026;63,98;64,15;63,65;63,65;32653215,00;1138
CCMN26;19/06/2026;63,91;64,08;63,70;63,91;38886246,00;1352
CCMN26;18/06/2026;63,92;64,15;63,84;63,93;51680421,00;1795
CCMN26;17/06/2026;63,90;64,16;63,82;63,94;61684839,00;2143
CCMN26;16/06/2026;64,24;64,39;63,71;63,98;109278796,50;3795
CCMN26;15/06/2026;64,05;64,66;64,00;64,35;53180725,50;1837
CCMN26;12/06/2026;64,26;64,43;64,00;64,06;70609135,50;2447
CCMN26;11/06/2026;64,70;64,89;64,24;64,24;114559119,00;3949
CCMN26;10/06/2026;65,28;65,47;64,56;64,69;31566501,00;1080
CCMN26;09/06/2026;65,22;65,54;64,95;65,25;59953792,50;2046
CCMN26;08/06/2026;66,08;66,24;65,20;65,40;93745260,00;3183
CCMN26;05/06/2026;65,16;66,46;64,70;66,15;86427981,00;2919
CCMN26;03/06/2026;64,51;65,38;64,30;65,38;52724988,00;1808
CCMN26;02/06/2026;65,15;65,28;64,55;64,56;79773205,50;2732
CCMN26;01/06/2026;65,43;65,78;65,12;65,17;48562362,00;1653
CCMN26;29/05/2026;65,90;65,95;65,41;65,42;67922887,50;2299
CCMN26;28/05/2026;65,60;66,08;65,60;65,91;96176434,50;3246
CCMN26;27/05/2026;66,09;66,10;65,50;65,60;208873534,50;7074
CCMN26;26/05/2026;66,50;66,53;65,90;66,15;133826364,00;4499
CCMN26;25/05/2026;67,24;67,34;66,50;66,58;53124556,50;1767
CCMN26;22/05/2026;67,30;67,64;67,15;67,20;36416646,00;1201
CCMN26;21/05/2026;66,98;67,70;66,90;67,25;55135696,50;1819
CCMN26;20/05/2026;67,28;67,28;66,90;66,96;44205264,00;1465
CCMN26;19/05/2026;67,00;67,29;66,79;67,26;47926800,00;1590
CCMN26;18/05/2026;66,64;67,30;66,49;67,07;43743960,00;1450
CCMN26;15/05/2026;66,90;67,20;66,72;66,80;43409349,00;1441
CCMN26;14/05/2026;67,25;67,26;66,60;66,92;94603765,50;3141
CCMN26;13/05/2026;68,10;68,13;66,88;67,14;122842327,50;4056
CCMN26;12/05/2026;68,15;68,19;67,55;68,13;40382577,00;1321
CCMN26;11/05/2026;67,46;68,40;67,46;67,93;33824029,50;1107
CCMN26;08/05/2026;67,40;67,99;67,25;67,59;66920085,00;2197
CCMN26;07/05/2026;67,26;67,53;66,93;67,50;55863792,00;1848
CCMN26;06/05/2026;68,60;68,85;66,93;67,45;99069943,50;3255
CCMN26;05/05/2026;69,75;69,75;68,40;68,60;96714666,00;3117
CCMN26;04/05/2026;69,50;70,00;69,50;69,70;56891263,50;1809
CCMN26;30/04/2026;69,85;69,95;69,36;69,65;83867526,00;2676
CCMN26;29/04/2026;69,85;69,97;69,50;69,82;64322352,00;2047
CCMN26;28/04/2026;69,68;69,87;69,09;69,80;53651439,00;1714
CCMN26;27/04/2026;69,03;70,06;69,03;69,67;29667019,50;946
CCMN26;24/04/2026;69,00;69,68;68,76;69,05;32548986,00;1043
CCMN26;23/04/2026;69,60;69,69;68,72;69,01;43673112,00;1404
CCMN26;22/04/2026;67,70;69,81;67,45;69,63;122983083,00;3971
CCMN26;20/04/2026;66,85;68,07;66,75;67,88;84235680,00;2769
CCMN26;17/04/2026;66,90;66,97;66,20;66,82;143491387,50;4789
CCMN26;16/04/2026;66,99;67,56;66,70;67,00;102006144,00;3384
CCMN26;15/04/2026;67,70;67,79;67,07;67,10;91901781,00;3033
CCMN26;14/04/2026;68,28;68,35;67,68;67,72;64040616,00;2095
CCMN26;13/04/2026;68,52;68,77;68,17;68,33;77573398,50;2521
CCMN26;10/04/2026;68,95;69,05;68,50;68,60;35139366,00;1137
CCMN26;09/04/2026;69,20;69,60;68,77;68,96;59001183,00;1900
CCMN26;08/04/2026;70,26;70,26;69,00;69,30;74021814,00;2373
CCMN26;07/04/2026;70,72;70,75;70,11;70,30;76588587,00;2416
CCMN26;06/04/2026;71,21;71,23;70,40;70,70;44967663,00;1413
CCMN26;02/04/2026;71,34;71,94;71,06;71,21;58427739,00;1820
CCMN26;01/04/2026;72,37;72,38;71,30;71,30;92529315,00;2872
CCMN26;31/03/2026;72,54;72,89;72,13;72,40;54354708,00;1667
CCMN26;30/03/2026;71,32;72,67;71,15;72,51;58321714,50;1795
CCMN26;27/03/2026;71,05;71,64;70,80;71,32;27231313,50;848
CCMN26;26/03/2026;71,27;71,34;71,00;71,05;32712651,00;1022
CCMN26;25/03/2026;71,14;71,37;70,79;71,25;41058450,00;1285
CCMN26;24/03/2026;71,00;71,38;70,89;71,10;21492396,00;671
CCMN26;23/03/2026;71,04;71,10;70,50;70,89;23567584,50;739
CCMN26;20/03/2026;70,60;71,15;70,56;70,94;61573297,50;1926
CCMN26;19/03/2026;70,80;71,26;70,05;70,59;47304495,00;1484
CCMN26;18/03/2026;70,30;70,95;69,67;70,80;57369186,00;1807
CCMN26;17/03/2026;70,59;71,15;70,07;70,27;75584731,50;2383
CCMN26;16/03/2026;71,54;71,58;70,32;70,40;72313515,00;2261
CCMN26;13/03/2026;71,40;71,80;71,16;71,47;31751599,50;987
CCMN26;12/03/2026;71,70;72,07;71,40;71,48;35559481,50;1102
CCMN26;11/03/2026;71,25;71,70;71,15;71,69;34887573,00;1085
CCMN26;10/03/2026;71,32;71,64;70,52;71,22;94645953,00;2970
CCMN26;09/03/2026;70,98;71,87;70,98;71,26;75425031,00;2345
CCMN26;06/03/2026;70,36;70,95;70,29;70,95;47824740,00;1504
CCMN26;05/03/2026;70,25;70,64;70,24;70,30;38083036,50;1201
CCMN26;04/03/2026;70,60;70,73;70,19;70,24;49224190,50;1553
CCMN26;03/03/2026;69,89;70,66;69,78;70,62;40223029,50;1269
CCMN26;02/03/2026;69,18;70,13;69,12;69,80;58347441,00;1858
CCMN26;27/02/2026;68,80;69,55;68,54;69,11;21294616,50;685
CCMN26;26/02/2026;68,42;68,75;68,42;68,64;95918535,00;3112
CCMN26;25/02/2026;68,46;68,62;68,40;68,43;12849678,00;417
CCMN26;24/02/2026;68,44;68,70;68,42;68,55;12189127,50;395
CCMN26;23/02/2026;68,54;68,54;68,33;68,50;16204117,50;526
CCMN26;20/02/2026;68,65;68,66;68,45;68,65;21712486,50;704
CCMN26;19/02/2026;68,64;68,75;68,45;68,65;5213749,50;169
CCMN26;18/02/2026;68,72;68,79;68,48;68,65;9823680,00;318
CCMN26;13/02/2026;68,40;68,75;68,39;68,69;13374130,50;433
CCMN26;12/02/2026;68,40;68,56;68,30;68,40;22051386,00;716
CCMN26;11/02/2026;68,20;68,64;67,96;68,24;13735246,50;447
CCMN26;10/02/2026;68,02;68,40;68,02;68,17;13872325,50;452
CCMN26;09/02/2026;67,92;68,14;67,70;68,03;4865458,50;159
CCMN26;06/02/2026;68,39;68,39;67,91;67,95;9828675,00;321
CCMN26;05/02/2026;68,20;68,49;68,20;68,39;24091317,00;783
CCMN26;04/02/2026;67,90;68,42;67,78;68,20;34071849,00;1112
CCMN26;03/02/2026;67,50;67,96;67,34;67,90;34278975,00;1123
CCMN26;02/02/2026;67,44;67,45;67,15;67,29;8782672,50;290
CCMN26;30/01/2026;67,21;67,77;67,14;67,20;29011810,50;957
CCMN26;29/01/2026;67,30;67,52;66,90;67,26;36544936,50;1208
CCMN26;28/01/2026;67,27;67,31;66,95;67,25;38782300,50;1284
CCMN26;27/01/2026;67,50;67,71;67,22;67,45;40221580,50;1325
CCMN26;26/01/2026;67,43;67,92;67,30;67,38;16949718,00;558
CCMN26;23/01/2026;67,50;67,93;67,26;67,52;19471725,00;641
CCMN26;22/01/2026;68,07;68,21;67,51;67,68;38354557,50;1258
CCMN26;21/01/2026;68,73;68,73;68,11;68,14;32518759,50;1057
CCMN26;20/01/2026;68,81;68,81;68,55;68,67;14461839,00;468
CCMN26;19/01/2026;68,90;68,92;68,62;68,67;7086316,50;229
CCMN26;16/01/2026;68,98;69,05;68,48;68,95;39128850,00;1263
CCMN26;15/01/2026;69,44;69,48;68,88;68,88;13346419,50;429
CCMN26;14/01/2026;69,61;69,80;69,41;69,42;18843592,50;602
CCMN26;13/01/2026;70,05;70,06;69,54;69,65;20994399,00;669
CCMN26;12/01/2026;70,39;70,47;69,97;70,07;15066954,00;477
CCMN26;09/01/2026;70,43;70,65;70,32;70,32;16638462,00;524
CCMN26;08/01/2026;70,52;70,55;70,32;70,55;14334619,50;452
CCMN26;07/01/2026;70,58;70,65;70,29;70,51;21737191,50;685
CCMN26;06/01/2026;70,79;70,80;70,30;70,75;12475575,00;392
CCMN26;05/01/2026;70,49;70,83;70,42;70,79;4448749,50;140
CCMN26;02/01/2026;70,57;70,75;70,33;70,33;3048948,00;96
CCMN26;30/12/2025;70,89;70,95;70,58;70,58;669753,00;21
CCMN26;29/12/2025;70,59;71,16;70,59;70,91;3478914,00;109
CCMN26;26/12/2025;70,70;70,86;70,53;70,68;5820390,00;183
CCMN26;23/12/2025;70,99;71,31;70,57;70,70;67162203,00;2098
CCMN26;22/12/2025;70,68;71,18;70,64;71,06;14870695,50;465
CCMN26;19/12/2025;70,45;71,02;70,25;70,80;15953940,00;501
CCMN26;18/12/2025;70,50;70,60;69,70;70,48;14565703,50;461
CCMN26;17/12/2025;70,56;70,70;70,49;70,67;1746990,00;55
CCMN26;16/12/2025;70,40;70,68;70,34;70,42;6307681,50;199
CCMN26;15/12/2025;70,50;70,85;70,50;70,52;1972444,50;62
CCMN26;12/12/2025;70,65;70,79;70,25;70,69;14926455,00;470
CCMN26;11/12/2025;71,00;71,00;70,61;70,75;6501109,50;204
CCMN26;10/12/2025;71,22;71,22;70,69;70,86;23640975,00;741
CCMN26;09/12/2025;71,10;71,38;70,96;71,00;10858225,50;339
CCMN26;08/12/2025;70,52;71,35;70,52;70,99;8829963,00;276
CCMN26;05/12/2025;71,05;71,30;70,90;70,90;9788692,50;306
CCMN26;04/12/2025;71,31;71,32;70,91;71,08;8444259,00;264
CCMN26;03/12/2025;71,25;71,64;71,20;71,30;20637819,00;643
CCMN26;02/12/2025;71,01;71,55;71,01;71,40;14928048,00;465
CCMN26;01/12/2025;70,85;72,00;70,85;71,00;5008036,50;156
CCMN26;28/11/2025;71,30;71,40;70,88;70,88;6761848,50;211
CCMN26;27/11/2025;70,79;71,45;70,66;71,30;7117749,00;222
CCMN26;26/11/2025;69,97;70,79;69,97;70,79;16285783,50;514
CCMN26;25/11/2025;69,96;70,14;69,70;70,14;1917130,50;61
CCMN26;24/11/2025;69,86;69,90;69,79;69,81;2954713,50;94
CCMN26;21/11/2025;69,70;69,98;69,69;69,98;3392460,00;108
CCMN26;19/11/2025;69,93;69,99;69,57;69,57;3898233,00;124
CCMN26;18/11/2025;69,85;70,10;69,80;69,91;6955020,00;221
CCMN26;17/11/2025;69,70;70,05;69,66;70,02;3423339,00;109
CCMN26;14/11/2025;69,59;69,90;69,59;69,75;13075177,50;417
CCMN26;13/11/2025;69,39;69,80;69,39;69,80;1190866,50;38
CCMN26;12/11/2025;69,51;69,60;69,40;69,42;5443051,50;174
CCMN26;11/11/2025;69,76;69,76;69,50;69,51;658768,50;21
CCMN26;10/11/2025;69,41;69,41;69,40;69,40;312322,50;10
CCMN26;07/11/2025;69,40;69,68;69,01;69,68;1183603,50;38
CCMN26;06/11/2025;69,73;69,76;69,31;69,40;3444606,00;110
CCMN26;05/11/2025;69,72;69,80;69,70;69,70;1067094,00;34
CCMN26;04/11/2025;69,77;69,90;69,73;69,77;2514483,00;80
CCMN26;03/11/2025;69,80;70,00;69,70;69,80;4365652,50;139
CCMN26;31/10/2025;70,00;70,09;69,54;69,60;4774671,00;152
CCMN26;30/10/2025;69,74;70,10;69,74;69,90;723757,50;23
CCMN26;29/10/2025;69,94;70,01;69,85;69,90;4468572,00;142
CCMN26;28/10/2025;70,18;70,19;69,99;69,99;819499,50;26
CCMN26;27/10/2025;70,15;70,15;69,91;70,00;2899129,50;92
CCMN26;24/10/2025;69,79;70,20;69,61;70,07;4059301,50;129
CCMN26;23/10/2025;69,72;69,93;69,65;69,85;2575471,50;82
CCMN26;22/10/2025;69,54;69,80;69,54;69,80;439285,50;14
CCMN26;21/10/2025;69,47;69,90;69,47;69,71;3702046,50;118
CCMN26;20/10/2025;69,95;69,95;69,40;69,40;14148963,00;450
CCMN26;17/10/2025;69,30;70,15;69,30;70,00;4999342,50;159
CCMN26;16/10/2025;69,10;69,58;69,10;69,29;4398385,50;141
CCMN26;15/10/2025;69,08;69,20;68,83;69,18;4820944,50;155
CCMN26;14/10/2025;69,09;69,20;68,90;68,97;8323668,00;268
CCMN26;13/10/2025;69,09;69,33;68,93;68,93;6289326,00;202
CCMN26;10/10/2025;69,10;69,40;69,10;69,40;16161066,00;519
CCMN26;09/10/2025;69,10;69,30;69,09;69,15;2332350,00;75
CCMN26;08/10/2025;68,96;69,26;68,78;69,01;1925167,50;62
CCMN26;07/10/2025;69,36;69,36;68,97;69,01;2892393,00;93
CCMN26;06/10/2025;69,17;69,48;69,12;69,40;8607429,00;276
CCMN26;03/10/2025;69,07;69,28;69,05;69,23;6347205,00;204
CCMN26;02/10/2025;69,80;69,80;68,50;69,15;14242797,00;459
CCMN26;01/10/2025;69,33;69,33;68,80;68,80;13553460,00;437
CCMN26;30/09/2025;69,22;69,22;68,99;68,99;1399090,50;45
CCMN26;29/09/2025;68,47;69,30;68,47;69,30;5178159,00;167
CCMN26;26/09/2025;69,00;69,20;69,00;69,01;1865461,50;60
CCMN26;25/09/2025;68,70;69,29;68,70;69,04;9805135,50;316
CCMN26;24/09/2025;68,83;68,84;68,69;68,69;1578915,00;51
CCMN26;23/09/2025;69,02;69,05;68,58;68,58;1863009,00;60
CCMN26;22/09/2025;69,27;69,27;68,67;68,77;279279,00;9
CCMN26;19/09/2025;69,28;69,45;69,25;69,40;717394,50;23
CCMN26;18/09/2025;69,30;69,30;69,30;69,30;31185,00;1
CCMN26;17/09/2025;69,21;69,62;69,02;69,02;5308024,50;170
CCMN26;16/09/2025;68,74;69,12;68,74;69,12;3500581,50;113
CCMN26;15/09/2025;68,78;68,80;68,68;68,68;928399,50;30
CCMN26;12/09/2025;68,80;69,00;68,53;68,65;5044635,00;163
CCMN26;11/09/2025;68,95;69,00;68,42;68,42;36195831,00;1169
CCMN26;10/09/2025;69,00;69,20;69,00;69,20;4079025,00;131
CCMN26;09/09/2025;69,20;69,30;68,68;68,68;3242916,00;104
CCMN26;08/09/2025;69,20;69,20;69,01;69,01;5106874,50;164
CCMN26;05/09/2025;69,00;69,25;68,70;68,96;7958772,00;256
CCMN26;04/09/2025;69,35;69,60;68,75;68,75;1091655,00;35
CCMN26;03/09/2025;69,10;69,30;69,10;69,30;187015,50;6
CCMN26;02/09/2025;68,80;69,30;68,80;69,30;24339456,00;785
CCMN26;29/08/2025;69,29;69,30;69,20;69,30;1745356,50;56
CCMN26;28/08/2025;69,00;69,00;69,00;69,00;62100,00;2
CCMN26;27/08/2025;69,60;69,65;69,60;69,60;5167840,50;165
CCMN26;26/08/2025;69,30;69,30;69,30;69,30;1559250,00;50
CCMN26;22/08/2025;69,38;69,72;69,02;69,72;2219364,00;71
CCMN26;21/08/2025;69,25;69,37;69,25;69,37;93573,00;3
CCMN26;20/08/2025;69,01;69,07;69,01;69,06;932040,00;30
CCMN26;19/08/2025;68,40;69,35;68,40;69,35;1241361,00;40
CCMN26;18/08/2025;68,00;68,60;68,00;68,40;3511444,50;114
CCMN26;15/08/2025;66,90;67,00;66,60;67,00;6590970,00;219
CCMN26;14/08/2025;67,50;67,50;66,88;66,90;1815156,00;60
CCMN26;13/08/2025;67,55;67,55;67,55;67,55;91192,50;3
CCMN26;12/08/2025;67,56;68,25;67,55;67,71;2321469,00;76
CCMN26;11/08/2025;68,30;68,30;68,30;68,30;1229400,00;40
CCMN26;08/08/2025;68,70;69,00;68,50;68,50;899347,50;29
CCMN26;06/08/2025;69,00;69,00;68,35;68,35;4731732,00;153
CCMN26;04/08/2025;70,01;70,01;70,00;70,00;693004,50;22
CCMN26;01/08/2025;70,50;70,60;70,40;70,40;921064,50;29
CCMN26;31/07/2025;70,55;70,62;70,48;70,48;9019089,00;284
CCMN26;29/07/2025;70,40;70,40;70,40;70,40;4752000,00;150
CCMN26;28/07/2025;70,40;70,40;70,40;70,40;3168000,00;100
CCMN26;25/07/2025;70,50;70,60;70,50;70,50;2474640,00;78
CCMN26;24/07/2025;71,00;71,00;71,00;71,00;31950,00;1
CCMN26;23/07/2025;71,50;72,50;71,05;71,10;30375760,50;948
CCMN26;22/07/2025;71,00;71,00;71,00;71,00;26901900,00;842
CCMN26;17/07/2025;71,00;71,00;71,00;71,00;14153850,00;443
CCMN26;16/07/2025;71,00;71,00;71,00;71,00;1469700,00;46
CCMN26;15/07/2025;71,00;71,00;71,00;71,00;7124850,00;223
CCMN26;14/07/2025;71,00;71,00;71,00;71,00;1405800,00;44
CCMN26;11/07/2025;70,25;70,25;70,25;70,25;2181262,50;69
CCMN26;08/07/2025;71,00;71,00;71,00;71,00;830700,00;26
CCMN26;02/07/2025;70,50;70,50;70,50;70,50;1808325,00;57
CCMN26;01/07/2025;70,50;70,50;70,50;70,50;31725,00;1
CCMN26;27/06/2025;71,30;71,30;71,30;71,30;7283295,00;227
CCMN26;17/06/2025;71,00;71,00;71,00;71,00;5495400,00;172
CCMN26;16/06/2025;71,00;71,00;71,00;71,00;4664700,00;146
CCMN26;13/06/2025;70,60;70,60;69,50;69,50;1099575,00;35
CCMN26;12/06/2025;69,00;69,30;69,00;69,30;7165800,00;230
CCMN26;21/05/2025;68,80;68,80;68,80;68,80;2167200,00;70
CCMN26;20/05/2025;68,50;68,50;68,50;68,50;1787850,00;58
