WDOFUT;16/09/2026;5160,00;5182,50;5152,50;5166,00;1,124556635E11;2176002
WDOFUT;15/09/2026;5171,00;5180,50;5145,00;5171,00;9,434475331E10;1826520
WDOFUT;14/09/2026;5176,00;5202,50;5160,00;5164,00;1,271284966E11;2453867
WDOFUT;11/09/2026;5131,00;5155,00;5093,50;5145,50;1,212535894E11;2366761
WDOFUT;10/09/2026;5140,00;5170,00;5105,50;5127,00;1,38072278E11;2686509
WDOFUT;09/09/2026;5115,50;5139,50;5104,50;5127,50;9,517095434E10;1857365
WDOFUT;08/09/2026;5137,00;5155,00;5097,50;5114,00;1,086554466E11;2122525
WDOFUT;04/09/2026;5129,50;5171,00;5129,50;5156,00;9,107720558E10;1767670
WDOFUT;03/09/2026;5116,00;5145,00;5101,00;5132,50;1,155517966E11;2253491
WDOFUT;02/09/2026;5189,00;5201,50;5118,00;5127,00;1,365087445E11;2648243
WDOFUT;01/09/2026;5224,00;5235,50;5171,00;5187,00;1,213345554E11;2336630
WDOFUT;31/08/2026;5219,50;5224,50;5194,50;5218,50;9,527996613E10;1827866
WDOFUT;28/08/2026;5201,35;5270,34;5197,32;5222,50;1,374490575E11;2624080
WDOFUT;27/08/2026;5192,28;5216,96;5182,71;5204,37;8,950946719E10;1720646
WDOFUT;26/08/2026;5188,25;5207,39;5181,20;5188,25;8,088625616E10;1556203
WDOFUT;25/08/2026;5195,30;5210,41;5182,21;5191,28;7,961668175E10;1532950
WDOFUT;24/08/2026;5192,28;5208,40;5185,23;5202,86;8,561781271E10;1648014
WDOFUT;21/08/2026;5214,44;5232,07;5179,69;5187,25;1,090008696E11;2093194
WDOFUT;20/08/2026;5237,61;5252,21;5227,54;5244,66;8,949183796E10;1707673
WDOFUT;19/08/2026;5259,26;5262,79;5207,39;5230,56;1,148096807E11;2197188
WDOFUT;18/08/2026;5261,78;5276,89;5243,65;5267,83;9,710762403E10;1845463
WDOFUT;17/08/2026;5271,35;5277,90;5236,10;5259,77;9,952364008E10;1893774
WDOFUT;14/08/2026;5230,05;5306,60;5229,55;5271,85;1,433547313E11;2717401
WDOFUT;13/08/2026;5246,17;5258,76;5234,59;5241,64;1,038722896E11;1979723
WDOFUT;12/08/2026;5211,42;5253,72;5196,31;5251,71;1,196227204E11;2289925
WDOFUT;11/08/2026;5167,10;5240,13;5159,55;5220,99;1,313610454E11;2524037
WDOFUT;10/08/2026;5146,96;5184,23;5146,45;5170,12;7,085394402E10;1371679
WDOFUT;07/08/2026;5166,60;5169,62;5139,40;5146,96;8,94579584E10;1736000
WDOFUT;06/08/2026;5189,26;5195,81;5158,04;5179,19;8,127757712E10;1571420
WDOFUT;05/08/2026;5184,23;5203,36;5167,10;5189,26;8,866120859E10;1708986
WDOFUT;04/08/2026;5145,45;5218,97;5141,92;5194,30;1,10766271E11;2137274
WDOFUT;03/08/2026;5143,94;5164,08;5123,79;5160,56;7,729570287E10;1501884
WDOFUT;31/07/2026;5151,99;5156,53;5137,89;5154,01;4,537873545E10;881706
WDOFUT;30/07/2026;5180,48;5182,00;5132,30;5139,91;1,034654573E11;2008493
WDOFUT;29/07/2026;5201,78;5218,01;5164,25;5194,17;1,47623798E11;2842466
WDOFUT;28/07/2026;5195,69;5208,37;5187,07;5204,82;8,5274521E10;1640943
WDOFUT;27/07/2026;5157,66;5199,75;5154,61;5191,64;8,85115204E10;1708640
WDOFUT;24/07/2026;5158,16;5173,89;5130,27;5172,36;1,048555754E11;2034375
WDOFUT;23/07/2026;5159,69;5176,42;5152,08;5164,25;9,734224317E10;1884340
WDOFUT;22/07/2026;5162,73;5168,81;5131,79;5142,44;9,192047474E10;1785855
WDOFUT;21/07/2026;5167,80;5172,87;5152,59;5159,18;8,402011338E10;1627800
WDOFUT;20/07/2026;5195,19;5204,31;5169,83;5179,46;9,164559205E10;1769053
WDOFUT;17/07/2026;5206,34;5224,60;5195,69;5201,27;9,393822262E10;1803962
WDOFUT;16/07/2026;5188,09;5207,36;5172,36;5194,68;8,373381832E10;1612957
WDOFUT;15/07/2026;5169,83;5181,49;5150,05;5170,84;1,045388564E11;2022774
WDOFUT;14/07/2026;5223,59;5224,09;5159,18;5168,81;1,217145874E11;2351283
WDOFUT;13/07/2026;5210,91;5239,31;5206,85;5233,73;1,083379867E11;2073952
WDOFUT;10/07/2026;5216,49;5227,64;5198,23;5210,91;1,007613611E11;1933572
WDOFUT;09/07/2026;5253,00;5259,09;5209,89;5215,47;8,044267502E10;1537138
WDOFUT;08/07/2026;5283,94;5290,02;5239,81;5254,52;1,170342623E11;2226644
WDOFUT;07/07/2026;5238,80;5276,84;5235,25;5266,19;9,355560586E10;1781185
WDOFUT;06/07/2026;5282,41;5293,06;5231,19;5231,70;1,00730914E11;1913404
WDOFUT;03/07/2026;5310,31;5312,34;5275,31;5280,39;6,483630353E10;1226310
WDOFUT;02/07/2026;5309,29;5333,13;5270,75;5319,94;1,37895706E11;2598579
WDOFUT;01/07/2026;5282,41;5331,61;5280,39;5316,39;1,214609233E11;2287447
WDOFUT;30/06/2026;5285,96;5316,39;5271,26;5273,29;1,189846067E11;2248824
WDOFUT;29/06/2026;5278,79;5299,21;5265,51;5290,02;8,913005443E10;1686197
WDOFUT;26/06/2026;5302,28;5303,81;5270,61;5290,53;1,061454649E11;2008161
WDOFUT;25/06/2026;5317,60;5337,01;5283,38;5295,13;1,279422463E11;2410044
WDOFUT;24/06/2026;5311,98;5341,60;5305,34;5305,34;1,199616708E11;2253244
WDOFUT;23/06/2026;5297,68;5313,00;5281,85;5303,30;1,044202754E11;1970504
WDOFUT;22/06/2026;5277,25;5282,36;5244,57;5264,49;9,759560821E10;1853880
WDOFUT;19/06/2026;5282,87;5293,09;5255,29;5276,23;7,875892266E10;1494114
WDOFUT;18/06/2026;5259,38;5315,05;5251,21;5286,45;1,435543283E11;2717089
WDOFUT;17/06/2026;5222,61;5254,27;5174,60;5231,29;1,607299304E11;3087740
WDOFUT;16/06/2026;5175,11;5230,78;5172,56;5215,46;1,169055461E11;2245388
WDOFUT;15/06/2026;5163,87;5202,69;5154,17;5181,75;1,148213466E11;2217406
WDOFUT;12/06/2026;5227,71;5251,21;5187,88;5191,96;1,217035211E11;2335134
WDOFUT;11/06/2026;5307,90;5318,11;5224,65;5236,91;1,602977001E11;3040250
WDOFUT;10/06/2026;5329,35;5334,96;5295,13;5319,64;1,404775168E11;2644083
WDOFUT;09/06/2026;5306,36;5333,43;5288,49;5315,56;1,329886431E11;2504609
WDOFUT;08/06/2026;5291,04;5344,67;5272,66;5335,48;1,649020013E11;3105382
WDOFUT;05/06/2026;5198,09;5319,64;5194,01;5315,05;1,66620151E11;3163720
WDOFUT;03/06/2026;5155,19;5233,84;5152,64;5202,18;1,402064244E11;2698478
WDOFUT;02/06/2026;5157,75;5165,41;5141,91;5149,06;1,006274848E11;1951961
WDOFUT;01/06/2026;5177,66;5190,43;5155,19;5170,00;1,248422868E11;2413391
WDOFUT;29/05/2026;5182,26;5216,99;5175,11;5182,26;1,265824551E11;2435619
WDOFUT;28/05/2026;5217,70;5224,90;5170,88;5190,43;1,144045132E11;2201941
WDOFUT;27/05/2026;5185,29;5221,30;5179,63;5210,50;1,289076279E11;2476900
WDOFUT;26/05/2026;5172,94;5189,40;5153,39;5184,77;1,079075925E11;2085983
WDOFUT;25/05/2026;5168,31;5173,45;5145,15;5162,13;7,237316176E10;1402554
WDOFUT;22/05/2026;5167,79;5198,66;5148,76;5198,15;1,034835376E11;2001829
WDOFUT;21/05/2026;5173,45;5180,66;5136,92;5161,10;1,106199929E11;2143362
WDOFUT;20/05/2026;5188,37;5217,19;5149,27;5153,90;1,398126861E11;2697694
WDOFUT;19/05/2026;5183,23;5220,27;5169,34;5206,38;1,435284029E11;2761508
WDOFUT;18/05/2026;5219,76;5219,76;5146,70;5152,36;1,21854238E11;2354028
WDOFUT;15/05/2026;5187,34;5249,60;5183,23;5221,82;1,673760751E11;3203087
WDOFUT;14/05/2026;5171,91;5197,63;5137,44;5152,36;1,377076315E11;2673181
WDOFUT;13/05/2026;5057,17;5186,32;5055,63;5173,97;1,755379093E11;3431738
WDOFUT;12/05/2026;5068,49;5082,38;5054,08;5056,66;9,375108954E10;1851041
WDOFUT;11/05/2026;5067,98;5072,61;5052,54;5055,11;8,453150301E10;1669621
WDOFUT;08/05/2026;5082,90;5085,47;5056,66;5057,69;8,692353017E10;1715311
WDOFUT;07/05/2026;5075,69;5103,99;5066,95;5103,48;1,127289094E11;2215550
WDOFUT;06/05/2026;5057,69;5108,62;5056,66;5093,70;1,227796341E11;2410262
WDOFUT;05/05/2026;5125,09;5129,72;5080,84;5082,90;1,059073255E11;2076674
WDOFUT;04/05/2026;5141,55;5162,65;5126,12;5143,61;1,154885928E11;2246270
WDOFUT;30/04/2026;5176,03;5181,68;5119,43;5124,57;1,331145015E11;2579955
WDOFUT;29/04/2026;5164,06;5199,82;5162,50;5182,20;1,27473597E11;2458803
WDOFUT;28/04/2026;5182,20;5202,41;5156,80;5158,36;1,335026513E11;2579088
WDOFUT;27/04/2026;5170,28;5171,32;5150,07;5168,72;1,017067614E11;1971374
WDOFUT;24/04/2026;5197,23;5216,41;5166,65;5179,09;1,290471582E11;2483314
WDOFUT;23/04/2026;5155,25;5225,22;5128,30;5225,22;1,902745541E11;3688198
WDOFUT;22/04/2026;5159,91;5181,16;5144,37;5156,29;1,147611318E11;2224436
WDOFUT;20/04/2026;5172,35;5182,72;5141,77;5144,37;8,071432429E10;1560438
WDOFUT;17/04/2026;5182,20;5187,38;5143,85;5172,35;1,610064961E11;3116110
WDOFUT;16/04/2026;5193,08;5212,26;5181,68;5188,94;1,131382221E11;2177785
WDOFUT;15/04/2026;5193,08;5200,34;5181,68;5188,94;9,481325656E10;1826576
WDOFUT;14/04/2026;5173,91;5196,19;5170,28;5184,79;1,195474825E11;2306938
WDOFUT;13/04/2026;5232,99;5245,43;5184,79;5200,86;1,491644024E11;2858558
WDOFUT;10/04/2026;5273,42;5275,49;5205,52;5217,96;1,550115425E11;2964064
WDOFUT;09/04/2026;5308,66;5317,47;5264,60;5267,71;1,397209498E11;2642483
WDOFUT;08/04/2026;5304,51;5331,46;5274,45;5311,77;1,81799189E11;3427611
WDOFUT;07/04/2026;5358,93;5389,51;5350,64;5366,19;1,182654155E11;2200331
WDOFUT;06/04/2026;5365,67;5377,59;5355,82;5356,86;9,485576552E10;1767053
WDOFUT;02/04/2026;5410,76;5416,46;5357,89;5379,14;1,318469109E11;2448711
WDOFUT;01/04/2026;5377,59;5399,87;5368,78;5375,51;1,454433208E11;2702608
WDOFUT;31/03/2026;5452,22;5462,07;5398,32;5401,43;1,764229154E11;3247598
WDOFUT;30/03/2026;5455,20;5492,20;5446,33;5478,65;1,354696873E11;2477943
WDOFUT;27/03/2026;5492,72;5507,32;5441,64;5464,06;1,498164595E11;2738802
WDOFUT;26/03/2026;5479,69;5492,72;5445,29;5464,58;1,490273492E11;2725960
WDOFUT;25/03/2026;5441,64;5477,61;5431,22;5455,72;1,572362062E11;2883727
WDOFUT;24/03/2026;5485,95;5512,53;5442,16;5465,62;1,994071585E11;3631319
WDOFUT;23/03/2026;5527,13;5551,10;5446,33;5464,58;2,093009302E11;3816269
WDOFUT;20/03/2026;5484,38;5564,65;5468,75;5515,14;2,09731826E11;3795776
WDOFUT;19/03/2026;5479,17;5556,31;5436,95;5461,97;2,249660434E11;4092678
WDOFUT;18/03/2026;5430,70;5514,09;5420,27;5484,91;1,782634894E11;3268078
WDOFUT;17/03/2026;5476,04;5484,38;5416,10;5435,91;1,61734906E11;2972020
WDOFUT;16/03/2026;5529,73;5531,82;5468,75;5475,52;1,481478801E11;2692466
WDOFUT;13/03/2026;5485,43;5586,02;5459,89;5581,33;2,087145022E11;3784839
WDOFUT;12/03/2026;5408,81;5511,49;5400,47;5505,23;2,106843824E11;3863165
WDOFUT;11/03/2026;5412,98;5429,13;5391,08;5400,47;1,482612299E11;2742134
WDOFUT;10/03/2026;5405,16;5436,95;5377,53;5411,41;1,765310352E11;3264368
WDOFUT;09/03/2026;5538,07;5543,28;5397,86;5417,67;2,089319455E11;3822645
WDOFUT;06/03/2026;5576,12;5581,85;5485,43;5513,57;2,385965806E11;4309081
WDOFUT;05/03/2026;5504,19;5555,27;5485,43;5526,60;2,408184385E11;4363374
WDOFUT;04/03/2026;5514,62;5519,83;5451,55;5491,68;1,876569228E11;3425284
WDOFUT;03/03/2026;5501,06;5612,09;5493,77;5544,85;3,227161111E11;5818791
WDOFUT;02/03/2026;5408,81;5478,65;5397,86;5436,43;2,14886255E11;3943373
WDOFUT;27/02/2026;5400,47;5433,30;5375,97;5390,04;1,564605892E11;2894110
WDOFUT;26/02/2026;5394,68;5431,99;5384,17;5400,99;1,421459483E11;2628611
WDOFUT;25/02/2026;5406,24;5436,20;5382,07;5389,43;1,486661659E11;2750721
WDOFUT;24/02/2026;5443,03;5455,11;5410,45;5424,11;1,335364756E11;2458032
WDOFUT;23/02/2026;5456,69;5463,00;5407,82;5443,55;1,568367744E11;2887048
WDOFUT;20/02/2026;5488,74;5500,31;5443,55;5450,38;1,617828213E11;2957696
WDOFUT;19/02/2026;5528,16;5534,99;5487,69;5489,27;1,680254536E11;3051692
WDOFUT;18/02/2026;5484,01;5530,78;5470,88;5517,12;9,140852052E10;1660346
WDOFUT;13/02/2026;5500,83;5532,89;5483,49;5497,68;1,609929157E11;2922785
WDOFUT;12/02/2026;5458,79;5502,93;5434,62;5495,58;1,730606451E11;3166540
WDOFUT;11/02/2026;5469,83;5486,64;5449,33;5463,52;1,429502021E11;2615482
WDOFUT;10/02/2026;5479,81;5498,20;5467,20;5475,61;1,241511307E11;2263631
WDOFUT;09/02/2026;5496,63;5500,31;5459,84;5482,44;1,378234248E11;2514486
WDOFUT;06/02/2026;5537,61;5547,60;5494,52;5507,66;1,511134956E11;2738976
WDOFUT;05/02/2026;5544,97;5584,91;5528,68;5568,62;1,730237463E11;3115354
WDOFUT;04/02/2026;5536,56;5561,26;5508,71;5536,56;1,455963588E11;2629791
WDOFUT;03/02/2026;5544,45;5562,31;5501,88;5534,99;1,676684246E11;3033885
WDOFUT;02/02/2026;5567,57;5582,81;5534,99;5561,26;1,331514704E11;2395475
WDOFUT;30/01/2026;5506,61;5582,81;5493,47;5560,21;1,986755966E11;3587574
WDOFUT;29/01/2026;5499,28;5554,80;5464,91;5495,05;1,859418131E11;3378264
WDOFUT;28/01/2026;5490,82;5528,89;5471,78;5496,11;1,804493234E11;3281264
WDOFUT;27/01/2026;5586,00;5587,59;5478,13;5481,83;1,67792374E11;3031890
WDOFUT;26/01/2026;5593,40;5602,92;5571,19;5593,93;1,176751815E11;2105939
WDOFUT;23/01/2026;5603,98;5620,37;5586,53;5605,04;1,359693106E11;2426247
WDOFUT;22/01/2026;5634,12;5644,17;5595,52;5602,92;1,34116416E11;2386111
WDOFUT;21/01/2026;5693,34;5695,46;5633,06;5639,94;1,572773378E11;2780057
WDOFUT;20/01/2026;5704,45;5736,17;5682,77;5702,33;1,561760003E11;2736964
WDOFUT;19/01/2026;5707,62;5710,79;5671,13;5697,57;8,009113187E10;1407501
WDOFUT;16/01/2026;5695,46;5724,54;5691,23;5697,04;9,809946407E10;1719545
WDOFUT;15/01/2026;5723,48;5735,64;5681,71;5696,51;1,285285116E11;2251502
WDOFUT;14/01/2026;5703,92;5759,44;5689,64;5730,88;1,558590524E11;2726651
WDOFUT;13/01/2026;5708,15;5730,88;5698,63;5706,56;1,240602765E11;2171388
WDOFUT;12/01/2026;5698,10;5724,54;5686,47;5712,38;1,108226598E11;1941708
WDOFUT;09/01/2026;5740,93;5740,93;5691,23;5712,91;1,242576094E11;2176564
WDOFUT;08/01/2026;5736,17;5740,93;5717,67;5729,30;1,051154062E11;1834116
WDOFUT;07/01/2026;5713,96;5746,75;5711,85;5732,47;1,195393348E11;2085241
WDOFUT;06/01/2026;5762,61;5765,78;5708,15;5720,31;1,345304045E11;2347666
WDOFUT;05/01/2026;5768,96;5805,44;5744,10;5762,61;1,326803263E11;2297509
WDOFUT;02/01/2026;5823,95;5825,01;5765,78;5770,01;1,264507524E11;2184871
WDOFUT;30/12/2025;5926,53;5930,76;5830,29;5836,64;1,435719674E11;2448079
WDOFUT;29/12/2025;5910,97;5954,14;5908,31;5939,75;1,215626796E11;2046905
WDOFUT;26/12/2025;5915,77;5937,09;5886,99;5910,97;1,092224312E11;1847215
WDOFUT;23/12/2025;5956,81;5972,26;5886,99;5892,85;1,374586414E11;2316234
WDOFUT;22/12/2025;5903,51;5983,99;5889,12;5967,47;1,783797349E11;3005288
WDOFUT;19/12/2025;5899,78;5926,96;5871,00;5921,10;1,504163137E11;2550784
WDOFUT;18/12/2025;5882,73;5938,69;5876,86;5899,25;1,82725782E11;3095246
WDOFUT;17/12/2025;5879,53;5910,44;5860,87;5899,25;1,813735728E11;3080919
WDOFUT;16/12/2025;5796,92;5905,64;5790,52;5892,85;1,881810843E11;3228804
WDOFUT;15/12/2025;5777,20;5802,78;5754,82;5791,59;1,301670711E11;2252604
WDOFUT;12/12/2025;5787,33;5804,91;5754,82;5791,06;1,585791788E11;2742931
WDOFUT;11/12/2025;5861,94;5862,47;5774,54;5789,46;1,564629806E11;2695334
WDOFUT;10/12/2025;5808,65;5878,46;5801,18;5859,28;1,619293446E11;2768373
WDOFUT;09/12/2025;5808,11;5885,92;5804,91;5819,30;1,927351444E11;3300957
WDOFUT;08/12/2025;5810,78;5857,14;5770,81;5817,17;1,956316063E11;3366409
WDOFUT;05/12/2025;5678,61;5877,93;5677,01;5826,23;2,82459653E11;4891361
WDOFUT;04/12/2025;5687,67;5699,39;5669,01;5692,99;1,203152021E11;2116923
WDOFUT;03/12/2025;5702,59;5708,45;5681,27;5693,53;1,230504732E11;2160841
WDOFUT;02/12/2025;5743,09;5752,15;5713,25;5714,85;1,175607502E11;2051098
WDOFUT;01/12/2025;5725,50;5755,88;5715,38;5740,96;1,218621299E11;2124629
WDOFUT;28/11/2025;5743,09;5751,62;5714,85;5725,50;1,181291434E11;2061537
WDOFUT;27/11/2025;5729,64;5751,64;5719,45;5748,42;7,429981071E10;1294297
WDOFUT;26/11/2025;5777,93;5785,98;5720,52;5724,82;1,368814989E11;2378873
WDOFUT;25/11/2025;5785,44;5810,65;5749,49;5777,93;1,712839295E11;2964495
WDOFUT;24/11/2025;5802,61;5810,12;5779,54;5788,12;1,250843931E11;2158377
WDOFUT;21/11/2025;5753,79;5840,16;5751,64;5811,73;1,779215448E11;3069380
WDOFUT;19/11/2025;5725,89;5750,57;5721,60;5728,04;1,164535359E11;2029863
WDOFUT;18/11/2025;5741,45;5749,49;5716,77;5729,11;1,232976542E11;2151036
WDOFUT;17/11/2025;5704,97;5738,77;5695,85;5733,94;1,164464101E11;2037333
WDOFUT;14/11/2025;5713,55;5722,67;5674,92;5700,67;1,469299265E11;2577801
WDOFUT;13/11/2025;5688,34;5713,01;5678,14;5696,92;1,399193287E11;2457624
WDOFUT;12/11/2025;5685,12;5710,87;5671,70;5700,67;1,061163443E11;1863429
WDOFUT;11/11/2025;5701,21;5709,79;5671,70;5681,90;1,323716363E11;2327778
WDOFUT;10/11/2025;5729,64;5737,16;5695,85;5702,28;1,223568693E11;2137536
WDOFUT;07/11/2025;5768,27;5783,83;5742,52;5745,20;1,295748961E11;2247343
WDOFUT;06/11/2025;5772,56;5786,51;5750,57;5770,95;1,411882039E11;2447599
WDOFUT;05/11/2025;5829,43;5832,11;5775,25;5779,00;1,300700324E11;2242907
WDOFUT;04/11/2025;5812,80;5840,70;5805,29;5839,62;1,42958239E11;2456917
WDOFUT;03/11/2025;5804,22;5812,26;5770,42;5789,73;1,273404137E11;2200845
WDOFUT;31/10/2025;5820,85;5831,04;5801,00;5809,04;1,439916442E11;2476557
WDOFUT;30/10/2025;5792,27;5827,35;5792,27;5816,02;1,246731077E11;2144879
WDOFUT;29/10/2025;5793,89;5798,21;5762,58;5785,25;1,63310799E11;2825476
WDOFUT;28/10/2025;5813,86;5822,50;5784,71;5791,73;1,204906857E11;2076785
WDOFUT;27/10/2025;5799,83;5822,50;5794,97;5810,08;1,140630001E11;1963477
WDOFUT;24/10/2025;5826,27;5834,91;5799,29;5824,66;1,124579003E11;1932503
WDOFUT;23/10/2025;5844,63;5845,71;5818,18;5820,88;1,105626799E11;1897693
WDOFUT;22/10/2025;5837,61;5857,58;5817,64;5844,63;1,432057073E11;2453178
WDOFUT;21/10/2025;5834,37;5850,56;5812,24;5832,21;1,408276667E11;2415099
WDOFUT;20/10/2025;5861,36;5861,36;5811,16;5818,18;1,180478724E11;2026295
WDOFUT;17/10/2025;5904,54;5914,80;5852,18;5856,50;1,46827386E11;2495003
WDOFUT;16/10/2025;5905,08;5915,34;5874,85;5908,32;1,571848832E11;2665480
WDOFUT;15/10/2025;5918,57;5930,45;5888,35;5910,48;1,520683231E11;2573075
WDOFUT;14/10/2025;5943,94;5983,89;5916,42;5938,01;2,013302186E11;3381941
WDOFUT;13/10/2025;5959,06;5965,53;5902,92;5920,19;1,578283804E11;2662751
WDOFUT;10/10/2025;5828,97;6002,24;5816,02;6001,70;2,858417093E11;4832123
WDOFUT;09/10/2025;5786,33;5839,77;5778,23;5836,53;1,642018518E11;2824814
WDOFUT;08/10/2025;5816,56;5824,12;5786,33;5790,65;1,46247486E11;2520099
WDOFUT;07/10/2025;5780,39;5819,80;5777,70;5816,56;1,454468353E11;2508026
WDOFUT;06/10/2025;5810,08;5814,40;5766,90;5767,98;1,367120239E11;2364164
WDOFUT;03/10/2025;5797,13;5828,43;5787,95;5805,76;1,534815168E11;2642709
WDOFUT;02/10/2025;5785,79;5843,55;5772,30;5806,84;1,612318071E11;2776049
WDOFUT;01/10/2025;5772,84;5804,14;5758,26;5794,97;1,508239185E11;2607692
WDOFUT;30/09/2025;5780,93;5803,60;5771,22;5787,41;1,453775273E11;2511971
WDOFUT;29/09/2025;5815,13;5816,76;5773,25;5790,11;1,372098891E11;2368855
WDOFUT;26/09/2025;5842,33;5842,33;5807,52;5825,47;1,328581275E11;2282227
WDOFUT;25/09/2025;5799,90;5849,95;5781,95;5841,24;1,765830751E11;3034338
WDOFUT;24/09/2025;5768,35;5810,78;5766,17;5780,32;1,325365252E11;2290046
WDOFUT;23/09/2025;5817,85;5825,47;5749,31;5749,86;1,758920602E11;3041923
WDOFUT;22/09/2025;5804,25;5848,86;5799,90;5816,76;1,450478335E11;2490069
WDOFUT;19/09/2025;5807,52;5822,20;5796,64;5816,22;1,179954262E11;2031618
WDOFUT;18/09/2025;5776,51;5803,17;5749,31;5789,02;1,505728547E11;2605589
WDOFUT;17/09/2025;5785,21;5797,73;5756,38;5795,55;1,572015664E11;2718527
WDOFUT;16/09/2025;5792,83;5809,69;5777,05;5780,32;1,35857605E11;2345627
WDOFUT;15/09/2025;5841,79;5843,96;5797,73;5806,97;1,394929209E11;2398803
WDOFUT;12/09/2025;5899,99;5909,24;5835,26;5842,88;1,640882126E11;2798222
WDOFUT;11/09/2025;5913,05;5928,28;5873,88;5890,75;1,531110233E11;2597929
WDOFUT;10/09/2025;5940,79;5945,69;5901,08;5904,89;1,315956081E11;2223241
WDOFUT;09/09/2025;5929,37;5953,30;5919,58;5940,79;1,31038854E11;2207160
WDOFUT;08/09/2025;5917,40;5960,38;5910,87;5931,54;1,258361327E11;2120216
WDOFUT;05/09/2025;5944,06;5953,85;5891,29;5922,84;1,698635244E11;2871169
WDOFUT;04/09/2025;5983,22;5991,38;5958,20;5962,55;1,301999404E11;2179359
WDOFUT;03/09/2025;5982,68;5988,12;5950,04;5966,36;1,37005576E11;2295241
WDOFUT;02/09/2025;5989,21;6026,20;5964,73;5990,29;1,757268301E11;2931905
WDOFUT;01/09/2025;5944,06;5971,80;5934,26;5959,29;9,206258009E10;1545971
WDOFUT;29/08/2025;5940,25;5965,27;5931,54;5947,86;1,497049363E11;2517865
WDOFUT;28/08/2025;5936,42;5954,50;5915,60;5939,16;1,479455991E11;2493938
WDOFUT;27/08/2025;5977,51;5985,73;5938,61;5944,09;1,574570975E11;2640695
WDOFUT;26/08/2025;5928,20;5978,61;5923,27;5960,53;1,345323411E11;2260353
WDOFUT;25/08/2025;5959,43;5968,20;5928,75;5937,52;1,110367622E11;1867776
WDOFUT;22/08/2025;6012,03;6014,22;5943,00;5958,34;1,542444851E11;2581430
WDOFUT;21/08/2025;6030,11;6038,33;6004,91;6009,84;1,567734846E11;2603351
WDOFUT;20/08/2025;6041,07;6048,19;6001,07;6018,60;1,595330065E11;2651383
WDOFUT;19/08/2025;5973,68;6054,22;5967,65;6043,81;1,970623646E11;3274595
WDOFUT;18/08/2025;5941,35;5982,99;5941,35;5979,16;1,263874457E11;2120415
WDOFUT;15/08/2025;5947,93;5949,57;5923,27;5932,59;1,128180445E11;1900820
WDOFUT;14/08/2025;5945,19;5978,06;5936,42;5955,05;1,581895825E11;2656099
WDOFUT;13/08/2025;5931,49;5955,60;5921,63;5933,68;1,394834405E11;2348713
WDOFUT;12/08/2025;5992,31;5994,50;5929,85;5948,47;1,69787044E11;2851832
WDOFUT;11/08/2025;5993,95;6013,13;5985,18;5991,21;1,213233243E11;2022094
WDOFUT;08/08/2025;5979,70;5997,78;5966,55;5985,18;1,472468982E11;2462127
WDOFUT;07/08/2025;6024,63;6036,68;5967,10;5969,84;1,782546751E11;2964180
WDOFUT;06/08/2025;6069,01;6076,68;6018,06;6019,15;1,599188884E11;2647453
WDOFUT;05/08/2025;6104,08;6106,82;6065,18;6072,30;1,359064161E11;2235535
WDOFUT;04/08/2025;6105,72;6117,77;6061,34;6091,47;1,509896127E11;2482091
WDOFUT;01/08/2025;6204,34;6212,56;6101,34;6115,58;2,066390175E11;3368245
WDOFUT;31/07/2025;6147,36;6210,91;6142,98;6190,64;1,774168593E11;2869547
WDOFUT;30/07/2025;6162,15;6219,02;6113,01;6162,70;2,351825398E11;3805583
WDOFUT;29/07/2025;6188,10;6191,96;6141,72;6161,60;1,755035304E11;2845672
WDOFUT;28/07/2025;6175,40;6196,38;6154,42;6177,61;1,496562025E11;2422734
WDOFUT;25/07/2025;6117,43;6162,70;6104,73;6148,35;1,455789614E11;2373482
WDOFUT;24/07/2025;6111,35;6127,36;6097,00;6109,15;1,414905682E11;2314746
WDOFUT;23/07/2025;6156,07;6170,98;6095,89;6096,45;1,591483776E11;2592563
WDOFUT;22/07/2025;6166,57;6187,55;6143,93;6156,07;1,565502267E11;2539514
WDOFUT;21/07/2025;6194,72;6212,94;6145,03;6162,70;1,364761266E11;2213611
WDOFUT;18/07/2025;6162,70;6200,24;6116,87;6175,40;1,765834694E11;2868037
WDOFUT;17/07/2025;6184,78;6215,70;6135,65;6147,24;1,592824819E11;2579652
WDOFUT;16/07/2025;6167,12;6198,59;6139,51;6169,33;2,025874129E11;3283806
WDOFUT;15/07/2025;6182,58;6213,49;6135,65;6154,97;2,189749597E11;3547879
WDOFUT;14/07/2025;6174,29;6207,42;6148,90;6198,04;1,541756911E11;2496865
WDOFUT;11/07/2025;6161,04;6204,66;6147,79;6173,19;1,702352232E11;2755746
WDOFUT;10/07/2025;6231,71;6247,73;6131,78;6141,17;2,417598142E11;3917048
WDOFUT;09/07/2025;6060,01;6225,64;6048,96;6193,07;1,950210445E11;3198776
WDOFUT;08/07/2025;6079,33;6084,85;6036,82;6055,04;1,604537617E11;2647837
WDOFUT;07/07/2025;6044,55;6101,97;6040,68;6095,89;1,656546144E11;2730362
WDOFUT;04/07/2025;6024,12;6031,30;6004,24;6024,12;7,77438831E10;1291904
WDOFUT;03/07/2025;6034,61;6053,93;6004,24;6015,84;1,47548414E11;2448804
WDOFUT;02/07/2025;6075,47;6093,69;6020,81;6034,06;1,749351331E11;2888248
WDOFUT;01/07/2025;6037,37;6083,75;6026,33;6068,29;1,5355287E11;2533558
WDOFUT;30/06/2025;6101,42;6125,71;6034,61;6044,00;1,809356296E11;2979233
WDOFUT;27/06/2025;6106,45;6125,91;6075,30;6098,10;1,828506345E11;2997746
WDOFUT;26/06/2025;6175,97;6192,66;6019,68;6099,22;1,794366304E11;2922459
WDOFUT;25/06/2025;6137,59;6206,00;6134,81;6187,09;1,795197332E11;2908076
WDOFUT;24/06/2025;6098,10;6151,50;6098,10;6139,82;1,750066378E11;2857804
WDOFUT;23/06/2025;6168,74;6176,53;6119,24;6123,69;1,726156008E11;2808382
WDOFUT;20/06/2025;6099,22;6160,40;6095,88;6148,16;1,431663012E11;2335761
WDOFUT;18/06/2025;6124,80;6145,38;6104,78;6113,68;1,583451915E11;2585438
WDOFUT;17/06/2025;6127,02;6141,49;6095,88;6126,47;1,826839335E11;2985428
WDOFUT;16/06/2025;6165,96;6177,64;6115,90;6116,46;1,669715119E11;2716934
WDOFUT;13/06/2025;6214,90;6242,71;6172,08;6194,88;1,715909669E11;2766231
WDOFUT;12/06/2025;6173,75;6206,56;6167,63;6177,08;1,459104396E11;2359229
WDOFUT;11/06/2025;6219,35;6231,59;6165,40;6184,87;1,70586091E11;2754852
WDOFUT;10/06/2025;6208,79;6230,48;6186,54;6221,02;1,528234804E11;2461283
WDOFUT;09/06/2025;6225,47;6256,62;6204,34;6211,57;1,471187216E11;2362037
WDOFUT;06/06/2025;6256,06;6279,98;6212,68;6220,47;1,850156431E11;2962704
WDOFUT;05/06/2025;6301,67;6305,56;6238,26;6243,83;1,781835442E11;2845132
WDOFUT;04/06/2025;6307,23;6322,80;6275,53;6298,33;1,545600389E11;2453406
WDOFUT;03/06/2025;6356,18;6390,66;6294,44;6309,46;1,828988762E11;2885357
WDOFUT;02/06/2025;6382,32;6390,66;6342,27;6355,62;1,575733946E11;2475103
WDOFUT;30/05/2025;6348,39;6426,81;6336,15;6417,36;1,807711277E11;2829685
WDOFUT;29/05/2025;6379,75;6385,91;6317,64;6343,94;1,579591254E11;2491078
WDOFUT;28/05/2025;6326,59;6402,70;6319,88;6372,48;1,784772793E11;2803557
WDOFUT;27/05/2025;6340,02;6353,45;6312,04;6315,40;1,526348722E11;2409543
WDOFUT;26/05/2025;6323,24;6363,53;6314,28;6344,50;1,028745218E11;1621805
WDOFUT;23/05/2025;6423,96;6437,95;6323,80;6333,87;1,959964459E11;3071822
WDOFUT;22/05/2025;6334,99;6472,64;6272,31;6451,94;2,70615755E11;4274340
WDOFUT;21/05/2025;6360,17;6369,12;6326,03;6331,63;1,591360513E11;2507854
WDOFUT;20/05/2025;6337,23;6377,52;6331,63;6352,89;1,768247808E11;2782766
WDOFUT;19/05/2025;6352,89;6388,71;6323,24;6337,78;1,613295422E11;2538728
WDOFUT;16/05/2025;6371,36;6416,13;6356,81;6365,76;1,6452402E11;2575913
WDOFUT;15/05/2025;6327,71;6400,46;6306,45;6382,55;2,028708801E11;3197801
WDOFUT;14/05/2025;6297,50;6340,02;6272,31;6337,23;1,837577173E11;2915289
WDOFUT;13/05/2025;6364,09;6378,07;6288,54;6310,37;2,020509153E11;3195797
WDOFUT;12/05/2025;6379,19;6416,13;6364,64;6376,40;1,724262793E11;2698076
WDOFUT;09/05/2025;6376,40;6377,52;6341,70;6355,69;1,509774019E11;2373897
WDOFUT;08/05/2025;6437,39;6469,29;6367,44;6368,56;1,887518066E11;2947389
WDOFUT;07/05/2025;6423,96;6486,07;6412,77;6460,33;1,782526784E11;2761447
WDOFUT;06/05/2025;6416,13;6459,77;6408,85;6434,59;1,875006495E11;2915026
WDOFUT;05/05/2025;6369,68;6423,40;6339,46;6416,13;1,482348961E11;2326150
WDOFUT;02/05/2025;6390,39;6395,98;6338,90;6373,60;1,45979519E11;2294531
WDOFUT;30/04/2025;6337,78;6409,41;6317,08;6390,94;2,052143703E11;3218222
WDOFUT;29/04/2025;6381,80;6384,62;6328,26;6329,95;1,604009611E11;2521806
WDOFUT;28/04/2025;6425,20;6428,02;6366,59;6376,73;1,831802887E11;2865570
WDOFUT;25/04/2025;6431,40;6438,73;6390,26;6415,62;1,569129088E11;2446291
WDOFUT;24/04/2025;6437,60;6437,60;6388,57;6412,24;1,776729994E11;2772686
WDOFUT;23/04/2025;6434,22;6464,65;6384,62;6436,47;2,013218926E11;3133017
WDOFUT;22/04/2025;6542,43;6549,76;6453,95;6459,58;1,740899619E11;2681057
WDOFUT;17/04/2025;6634,30;6650,08;6545,82;6564,98;1,84086369E11;2789916
WDOFUT;16/04/2025;6628,10;6683,34;6611,19;6626,41;1,878098499E11;2828608
WDOFUT;15/04/2025;6616,83;6668,12;6588,65;6639,38;1,7404241E11;2623361
WDOFUT;14/04/2025;6604,99;6637,68;6584,70;6621,90;1,65195577E11;2499824
WDOFUT;11/04/2025;6586,40;6690,66;6575,12;6629,23;2,314090558E11;3485888
WDOFUT;10/04/2025;6627,54;6735,19;6585,83;6648,96;2,544924309E11;3813865
WDOFUT;09/04/2025;6819,17;6895,82;6578,50;6587,52;3,369249166E11;4966687
WDOFUT;08/04/2025;6648,96;6810,71;6632,05;6805,08;2,781997474E11;4135595
WDOFUT;07/04/2025;6656,28;6716,59;6582,45;6692,35;2,793872285E11;4191856
WDOFUT;04/04/2025;6455,07;6633,18;6452,26;6631,48;2,832480796E11;4321183
WDOFUT;03/04/2025;6371,66;6393,64;6334,46;6381,80;1,972072622E11;3100844
WDOFUT;02/04/2025;6436,47;6472,55;6397,02;6447,18;2,016738697E11;3130824
WDOFUT;01/04/2025;6474,80;6495,09;6427,46;6437,60;1,638634722E11;2536291
WDOFUT;31/03/2025;6534,54;6557,09;6459,02;6460,15;1,836261498E11;2823271
WDOFUT;28/03/2025;6518,70;6556,68;6515,87;6528,91;1,712365351E11;2619644
WDOFUT;27/03/2025;6494,33;6547,04;6490,93;6511,90;1,703081715E11;2612815
WDOFUT;26/03/2025;6473,93;6520,97;6460,32;6509,07;1,593152103E11;2451001
WDOFUT;25/03/2025;6530,61;6531,17;6443,89;6468,26;1,866995465E11;2881836
WDOFUT;24/03/2025;6486,96;6553,85;6474,49;6540,24;1,703712139E11;2613805
WDOFUT;21/03/2025;6460,89;6515,87;6452,96;6505,10;1,647906962E11;2537816
WDOFUT;20/03/2025;6433,12;6455,79;6416,11;6448,42;1,646424104E11;2557369
WDOFUT;19/03/2025;6459,76;6466,56;6399,68;6419,52;1,680009807E11;2610834
WDOFUT;18/03/2025;6483,00;6496,03;6428,58;6448,99;1,633706638E11;2528659
WDOFUT;17/03/2025;6524,94;6530,61;6442,75;6467,13;1,764241585E11;2721822
WDOFUT;14/03/2025;6586,15;6588,42;6497,73;6536,27;1,905142827E11;2916320
WDOFUT;13/03/2025;6624,13;6640,57;6590,12;6600,89;1,453500295E11;2197784
WDOFUT;12/03/2025;6615,63;6654,17;6583,89;6605,42;1,785997021E11;2698150
WDOFUT;11/03/2025;6647,37;6658,14;6606,56;6613,36;1,842976508E11;2776988
WDOFUT;10/03/2025;6595,22;6687,04;6572,55;6666,07;2,058785893E11;3109432
WDOFUT;07/03/2025;6561,21;6605,99;6552,71;6591,25;1,768130937E11;2687399
WDOFUT;06/03/2025;6553,28;6586,72;6531,74;6568,58;1,989329627E11;3033819
WDOFUT;05/03/2025;6655,87;6658,14;6538,54;6541,94;1,4563948E11;2208185
WDOFUT;28/02/2025;6650,77;6745,99;6637,16;6701,78;2,374323592E11;3551734
WDOFUT;27/02/2025;6642,16;6669,55;6617,61;6658,14;1,976619148E11;2974342
WDOFUT;26/02/2025;6554,83;6642,16;6546,27;6625,03;2,28242728E11;3459227
WDOFUT;25/02/2025;6584,51;6639,30;6554,26;6554,83;2,12819293E11;3226215
WDOFUT;24/02/2025;6533,72;6608,48;6520,59;6599,92;1,764709062E11;2693518
WDOFUT;21/02/2025;6519,45;6555,40;6506,89;6550,84;1,809136351E11;2771627
WDOFUT;20/02/2025;6520,02;6534,86;6500,61;6521,16;1,711388549E11;2625999
WDOFUT;19/02/2025;6520,02;6553,69;6496,05;6541,71;1,877306385E11;2876550
WDOFUT;18/02/2025;6533,72;6546,27;6490,34;6505,75;1,756092868E11;2694453
WDOFUT;17/02/2025;6534,29;6545,70;6514,88;6534,86;1,153311338E11;1766284
WDOFUT;14/02/2025;6595,93;6601,63;6512,03;6526,87;1,794500515E11;2740537
WDOFUT;13/02/2025;6591,93;6636,45;6586,79;6593,07;1,919457911E11;2903694
WDOFUT;12/02/2025;6605,63;6626,17;6574,81;6597,64;2,071818321E11;3139021
WDOFUT;11/02/2025;6641,01;6650,15;6593,07;6598,78;1,769131181E11;2673613
WDOFUT;10/02/2025;6656,42;6672,97;6603,92;6631,88;1,687884841E11;2545372
WDOFUT;07/02/2025;6616,47;6662,70;6572,53;6655,28;2,383263901E11;3604582
WDOFUT;06/02/2025;6655,28;6677,54;6590,22;6605,06;2,053472604E11;3096624
WDOFUT;05/02/2025;6605,63;6670,69;6591,93;6641,58;1,911301485E11;2878756
WDOFUT;04/02/2025;6653,00;6682,68;6593,64;6597,64;1,99915048E11;3011238
WDOFUT;03/02/2025;6731,19;6774,56;6647,29;6662,70;2,282482152E11;3399721
WDOFUT;31/01/2025;6734,61;6740,32;6668,41;6703,22;2,190598482E11;3269619
WDOFUT;30/01/2025;6727,69;6834,96;6711,62;6743,17;2,292779993E11;3390952
WDOFUT;29/01/2025;6729,98;6758,66;6705,89;6713,92;2,088017496E11;3101510
WDOFUT;28/01/2025;6787,92;6797,67;6723,10;6728,26;1,963667388E11;2905636
WDOFUT;27/01/2025;6826,93;6840,12;6767,27;6768,41;1,922219987E11;2826159
WDOFUT;24/01/2025;6782,76;6806,28;6740,31;6789,64;1,916405335E11;2831029
WDOFUT;23/01/2025;6828,65;6860,77;6748,91;6804,55;2,419181002E11;3550989
WDOFUT;22/01/2025;6910,10;6918,14;6797,67;6827,50;2,584645331E11;3771726
WDOFUT;21/01/2025;6958,29;6975,50;6916,99;6923,87;1,882899253E11;2710828
WDOFUT;20/01/2025;6975,50;6998,45;6923,87;6923,87;1,80932649E11;2599548
WDOFUT;17/01/2025;6966,32;7003,61;6931,33;6981,24;2,067962803E11;2968943
WDOFUT;16/01/2025;6929,61;6982,38;6896,34;6957,72;2,248769382E11;3240587
WDOFUT;15/01/2025;6958,29;6983,53;6906,66;6915,84;2,135749223E11;3074437
WDOFUT;14/01/2025;7013,93;7013,93;6953,13;6976,07;2,112871353E11;3027365
WDOFUT;13/01/2025;7055,24;7066,14;6995,58;7017,38;1,866375631E11;2655780
WDOFUT;10/01/2025;6957,14;7055,81;6946,82;7031,14;2,170664267E11;3093352
WDOFUT;09/01/2025;7035,16;7052,94;6947,97;6953,70;2,0061597E11;2862294
WDOFUT;08/01/2025;7057,53;7092,52;7030,00;7033,44;1,991817596E11;2819819
WDOFUT;07/01/2025;7047,78;7052,37;6976,07;7034,01;2,213259168E11;3157230
WDOFUT;06/01/2025;7086,21;7094,24;7022,54;7044,34;2,022337811E11;2866744
WDOFUT;03/01/2025;7090,23;7149,89;7074,74;7128,66;1,892419709E11;2660672
WDOFUT;02/01/2025;7135,55;7183,16;7084,49;7095,97;1,936370204E11;2712562
WDOFUT;30/12/2024;7159,07;7202,09;7097,69;7117,76;2,04278313E11;2860533
WDOFUT;27/12/2024;7150,47;7171,23;7118,18;7148,74;1,736457964E11;2428639
WDOFUT;26/12/2024;7110,10;7152,78;7093,38;7134,32;1,999674673E11;2807489
WDOFUT;23/12/2024;7061,67;7157,39;7050,13;7152,20;1,87878352E11;2640497
WDOFUT;20/12/2024;7042,06;7059,94;6978,63;7035,72;2,854114667E11;4066011
WDOFUT;19/12/2024;7208,14;7275,60;7048,98;7109,53;4,072462611E11;5697635
WDOFUT;18/12/2024;7043,79;7294,06;7035,14;7212,17;3,099355672E11;4339365
WDOFUT;17/12/2024;7098,57;7170,65;6997,66;7051,29;3,646002388E11;5143849
WDOFUT;16/12/2024;7010,34;7105,49;6957,29;7104,91;2,598225011E11;3705470
WDOFUT;13/12/2024;6911,16;7018,42;6897,32;6975,75;2,669617202E11;3832059
WDOFUT;12/12/2024;6803,33;6987,85;6777,95;6901,93;3,199402086E11;4645428
WDOFUT;11/12/2024;7012,07;7016,69;6859,84;6879,44;2,801419858E11;4029443
WDOFUT;10/12/2024;6997,08;7016,11;6953,83;6986,12;2,097137494E11;2999792
WDOFUT;09/12/2024;7025,91;7039,75;6978,05;7025,91;1,880960584E11;2684030
WDOFUT;06/12/2024;6960,18;7044,94;6918,08;7036,87;2,366633684E11;3387326
WDOFUT;05/12/2024;6976,32;6980,36;6891,55;6954,41;2,137703427E11;3084493
WDOFUT;04/12/2024;7000,54;7023,03;6961,33;6984,39;2,094040563E11;2993930
WDOFUT;03/12/2024;6998,81;7050,13;6976,90;6987,85;2,305451228E11;3287022
WDOFUT;02/12/2024;6949,80;7047,25;6946,34;7012,65;2,461213211E11;3511821
WDOFUT;29/11/2024;6948,64;7078,97;6893,28;6929,04;3,072588682E11;4398216
WDOFUT;28/11/2024;6921,33;6982,12;6886,01;6975,17;1,972942495E11;2847183
WDOFUT;27/11/2024;6723,33;6908,01;6721,59;6905,12;2,939280963E11;4328321
WDOFUT;26/11/2024;6733,75;6755,75;6696,12;6728,54;1,997184653E11;2971464
WDOFUT;25/11/2024;6704,22;6743,59;6691,48;6717,54;2,029323657E11;3020083
WDOFUT;22/11/2024;6748,22;6759,80;6708,85;6727,38;1,931495552E11;2868114
WDOFUT;21/11/2024;6704,22;6762,69;6701,90;6741,85;2,07397326E11;3076936
WDOFUT;19/11/2024;6681,06;6720,43;6662,54;6687,43;1,938614481E11;2897461
WDOFUT;18/11/2024;6698,43;6725,64;6650,96;6663,12;1,714505639E11;2566489
WDOFUT;14/11/2024;6733,17;6760,96;6683,38;6703,64;2,133026642E11;3176264
WDOFUT;13/11/2024;6646,33;6749,38;6638,80;6736,06;2,298290008E11;3430026
WDOFUT;12/11/2024;6710,01;6723,90;6656,75;6667,17;2,250796445E11;3361496
WDOFUT;11/11/2024;6700,75;6747,06;6668,33;6683,38;1,779135352E11;2650904
WDOFUT;08/11/2024;6650,38;6717,54;6637,64;6666,01;2,099005318E11;3141908
WDOFUT;07/11/2024;6608,12;6641,12;6536,33;6608,12;2,968171703E11;4504729
WDOFUT;06/11/2024;6794,54;6802,64;6573,38;6631,27;3,110016988E11;4657035
WDOFUT;05/11/2024;6715,80;6738,96;6661,96;6675,85;2,094441203E11;3122313
WDOFUT;04/11/2024;6776,59;6780,64;6683,38;6726,22;2,046828733E11;3043987
WDOFUT;01/11/2024;6722,17;6836,80;6692,06;6825,80;2,369469583E11;3504875
WDOFUT;31/10/2024;6696,12;6731,43;6681,06;6729,12;1,766728718E11;2633055
WDOFUT;30/10/2024;6690,31;6725,72;6681,02;6696,69;1,958157797E11;2920342
WDOFUT;29/10/2024;6629,93;6697,27;6616,00;6693,21;2,435793259E11;3659246
WDOFUT;28/10/2024;6624,12;6644,44;6603,81;6634,57;1,550629831E11;2341066
WDOFUT;25/10/2024;6589,29;6640,38;6586,39;6634,57;1,669303968E11;2523152
WDOFUT;24/10/2024;6604,97;6646,77;6577,68;6584,65;1,978336442E11;2988076
WDOFUT;23/10/2024;6643,86;6660,70;6605,55;6607,87;1,906244895E11;2871937
WDOFUT;22/10/2024;6608,45;6645,61;6595,10;6616,58;1,820977019E11;2749937
WDOFUT;21/10/2024;6631,09;6667,67;6610,77;6614,26;1,84630398E11;2781078
WDOFUT;18/10/2024;6553,88;6631,67;6545,75;6628,19;1,735353088E11;2632157
WDOFUT;17/10/2024;6607,29;6616,58;6572,46;6572,46;1,685630511E11;2554192
WDOFUT;16/10/2024;6577,68;6629,93;6549,23;6593,94;2,098708016E11;3183947
WDOFUT;15/10/2024;6505,11;6590,45;6492,34;6578,84;2,092963147E11;3192102
WDOFUT;14/10/2024;6533,56;6577,10;6473,76;6499,31;1,862529642E11;2856079
WDOFUT;11/10/2024;6487,69;6579,42;6467,96;6520,79;2,088599507E11;3194967
WDOFUT;10/10/2024;6496,40;6523,69;6478,99;6499,89;1,831420839E11;2817818
WDOFUT;09/10/2024;6441,83;6519,63;6438,35;6513,82;1,698709192E11;2617648
WDOFUT;08/10/2024;6410,48;6452,28;6399,45;6445,31;1,733801289E11;2698327
WDOFUT;07/10/2024;6369,84;6403,51;6312,95;6402,35;1,644194613E11;2584446
WDOFUT;04/10/2024;6374,49;6430,22;6345,46;6345,46;1,740571166E11;2727549
WDOFUT;03/10/2024;6354,17;6420,93;6348,94;6380,29;1,629910482E11;2552284
WDOFUT;02/10/2024;6310,63;6350,10;6296,11;6338,49;1,517952836E11;2399188
WDOFUT;01/10/2024;6382,61;6383,19;6316,43;6320,50;2,249271557E11;3538792
WDOFUT;30/09/2024;6327,46;6378,55;6295,53;6352,43;1,513285051E11;2385071
WDOFUT;27/09/2024;6333,86;6367,69;6329,78;6331,53;1,455203428E11;2292921
WDOFUT;26/09/2024;6351,36;6364,19;6306,45;6343,19;1,79018066E11;2823129
WDOFUT;25/09/2024;6363,60;6412,59;6346,69;6386,35;1,666495588E11;2608915
WDOFUT;24/09/2024;6441,17;6450,50;6354,85;6360,69;1,885610552E11;2953647
WDOFUT;23/09/2024;6500,66;6536,24;6450,50;6463,34;1,811746728E11;2795558
WDOFUT;20/09/2024;6344,94;6449,34;6325,69;6437,67;2,093859915E11;3274542
WDOFUT;19/09/2024;6308,20;6354,27;6300,61;6331,53;1,8528863E11;2927388
WDOFUT;18/09/2024;6395,68;6419,01;6318,69;6377,60;2,26175426E11;3545541
WDOFUT;17/09/2024;6437,67;6442,92;6399,18;6401,51;1,807518741E11;2814775
